"NO","age","gender","FD1","SD2","UP3","FW4","FD5","SD6","UP7","FW8","FD9","SD10","UP11","FW12","FD13","SD14","UP15","FW16","FD17","SD18","UP19","UP20","FW21","SD22","FW23","SD24","UP25","FW26","UP27","LOC_1","LOC_2","LOC_3","LOC_4","LOC_5","LOC_6","LOC_7","FD","SD","UP","FW"
"JPN2",25,2,1,2,2,2,2,2,1,4,2,3,4,2,3,3,4,5,2,3,4,3,4,4,4,4,2,3,4,3,4,5,4,5,4,4,2,3,3,3.42857142857143
"JPN2",31,2,2,4,3,3,3,2,4,4,2,2,4,3,4,3,4,4,4,4,3,4,3,3,2,4,4,3,5,4,4,4,5,4,5,5,3,3.14285714285714,3.875,3.14285714285714
"JPN2",32,2,2,4,3,2,1,2,3,2,2,4,3,1,1,4,2,2,3,4,2,4,4,4,3,4,4,4,3,2,7,4,2,6,5,6,1.8,3.71428571428571,3,2.57142857142857
"JPN2",43,2,4,4,4,4,4,4,4,5,3,4,4,2,4,4,4,4,4,4,4,4,4,5,4,5,4,4,4,5,6,4,5,5,5,5,3.8,4.28571428571429,4,3.85714285714286
"JPN2",20,1,1,2,3,2,2,1,5,3,1,1,1,5,1,2,5,3,4,2,3,4,4,2,3,4,1,4,5,3,5,2,5,4,7,6,1.8,2,3.375,3.42857142857143
"JPN2",27,2,2,2,3,2,2,4,4,3,3,2,5,2,2,3,4,3,4,2,5,4,2,2,4,3,2,2,5,3,3,3,4,4,5,5,2.6,2.57142857142857,4,2.57142857142857
"JPN2",39,2,1,2,4,1,1,1,3,3,2,1,4,2,3,2,4,3,5,2,3,4,1,3,3,2,3,2,4,4,5,4,4,2,3,6,2.4,1.85714285714286,3.625,2.14285714285714
"JPN2",40,2,2,2,2,4,3,3,4,3,2,2,4,4,3,4,4,3,3,2,3,3,3,3,3,3,3,3,4,3,3,4,4,5,4,5,2.6,2.71428571428571,3.375,3.28571428571429
"JPN2",43,2,4,4,4,2,4,4,3,4,3,2,5,2,4,4,4,5,3,2,4,4,3,3,4,5,4,3,4,5,6,3,2,5,5,5,3.6,3.42857142857143,4,3.28571428571429
"JPN2",23,1,1,5,5,1,1,1,5,1,1,4,5,5,5,4,5,5,5,4,4,5,5,1,2,2,5,2,5,4,3,4,3,7,7,7,2.6,3,4.875,3
"JPN2",34,2,3,3,3,3,3,4,4,4,3,4,4,4,5,3,4,5,3,3,4,3,5,4,4,4,3,3,4,3,3,4,4,4,4,4,3.4,3.57142857142857,3.625,4
"JPN2",25,2,2,1,4,2,2,1,5,4,2,2,4,1,2,2,5,3,2,1,4,2,2,4,3,2,2,2,5,2,5,2,2,6,7,4,2,1.85714285714286,3.875,2.42857142857143
"JPN2",33,1,2,5,2,4,2,1,4,4,4,2,4,2,4,5,4,5,4,2,5,5,4,5,4,5,4,2,5,5,5,5,3,3,6,6,3.2,3.57142857142857,4.125,3.57142857142857
"JPN2",31,1,3,1,2,4,2,2,1,2,3,3,2,3,3,4,2,2,3,5,2,3,2,4,3,5,3,4,2,3,2,4,5,4,5,3,2.8,3.42857142857143,2.125,2.85714285714286
"JPN2",22,2,4,2,5,2,4,4,4,2,4,4,4,2,5,2,4,2,5,2,4,4,2,4,3,5,4,2,4,7,7,6,6,4,6,5,4.4,3.28571428571429,4.125,2.14285714285714
"JPN2",44,2,2,4,3,2,2,2,4,5,2,4,3,3,3,2,4,5,1,2,3,4,4,4,5,4,3,5,4,2,2,2,6,6,6,6,2,3.14285714285714,3.5,4.14285714285714
"JPN2",49,2,4,4,4,4,4,3,4,4,3,3,4,3,3,4,4,4,4,4,3,3,4,4,4,4,3,3,4,5,5,5,5,4,4,4,3.6,3.71428571428571,3.625,3.71428571428571
"JPN2",26,2,2,4,5,4,4,5,5,4,4,4,5,4,5,4,5,2,5,2,4,5,4,4,5,5,4,4,5,2,5,6,6,5,7,6,4,4,4.75,3.85714285714286
"JPN2",49,2,2,3,4,2,3,2,5,3,3,4,4,3,3,3,4,3,3,3,3,4,3,3,3,4,3,2,5,3,3,4,4,4,4,3,2.8,3.14285714285714,4,2.71428571428571
"JPN2",35,2,1,3,2,2,2,1,5,3,1,1,5,4,5,4,4,3,4,1,3,3,3,4,2,4,3,4,5,2,6,4,4,4,6,7,2.6,2.57142857142857,3.75,3
"JPN2",37,2,3,4,4,2,3,3,4,4,3,3,4,5,4,3,4,5,4,4,3,4,5,4,4,4,3,3,4,3,4,4,5,5,6,6,3.4,3.57142857142857,3.75,4
"JPN2",26,2,2,3,4,4,2,5,4,5,2,3,4,2,4,4,4,5,2,4,4,5,5,2,5,5,5,4,4,5,5,5,6,3,6,3,2.4,3.71428571428571,4.25,4.28571428571429
"JPN2",22,2,2,2,5,2,2,1,5,4,4,4,5,2,4,4,5,4,4,2,4,5,4,4,4,4,5,2,5,2,5,5,4,5,6,7,3.2,3,4.875,3.14285714285714
"JPN2",42,2,2,2,3,5,3,4,4,5,3,4,4,4,4,4,4,5,4,3,4,4,4,5,4,5,5,2,3,6,6,6,6,6,7,7,3.2,3.85714285714286,3.875,4.14285714285714
"JPN2",29,2,2,2,4,4,2,1,5,4,2,2,5,3,4,2,5,5,4,3,4,5,3,3,4,4,4,4,5,4,5,3,3,5,5,5,2.8,2.42857142857143,4.625,3.85714285714286
"JPN2",38,2,3,3,4,4,2,4,5,3,3,4,5,2,4,4,4,4,4,4,4,4,4,3,3,4,2,4,5,5,5,3,2,6,5,6,3.2,3.71428571428571,4.125,3.42857142857143
"JPN2",36,2,4,4,5,3,2,1,4,4,3,3,4,4,4,4,4,4,3,3,3,4,4,3,3,4,3,3,5,6,6,4,5,5,6,4,3.2,3.14285714285714,4,3.57142857142857
"JPN2",21,1,2,3,2,3,1,1,4,4,2,2,4,3,2,4,4,5,2,3,4,4,3,2,4,4,2,4,4,5,5,3,5,5,7,6,1.8,2.71428571428571,3.5,3.71428571428571
"JPN2",32,2,2,4,4,2,3,2,4,4,3,4,4,2,3,4,4,4,3,4,3,4,3,4,3,4,4,3,3,6,6,5,6,3,5,5,2.8,3.71428571428571,3.75,3
"JPN2",28,2,1,3,4,2,2,2,4,4,2,2,4,2,4,3,4,4,4,2,4,4,2,2,4,4,4,2,4,2,2,2,4,3,6,6,2.6,2.57142857142857,4,2.85714285714286
"JPN2",42,2,2,3,3,2,3,3,4,3,3,4,4,3,4,3,4,5,3,2,4,4,2,2,3,4,3,3,4,3,4,4,5,4,5,5,3,3,3.75,3
"JPN2",38,2,1,2,3,3,4,2,3,2,1,1,4,4,4,4,3,4,4,2,2,4,4,3,3,4,4,4,4,4,5,1,5,4,5,4,2.8,2.57142857142857,3.375,3.42857142857143
"JPN2",42,2,2,4,2,1,5,2,4,4,4,4,4,3,2,2,4,4,5,4,4,4,4,4,4,4,2,4,4,2,1,1,1,6,6,5,3.6,3.42857142857143,3.5,3.42857142857143
"JPN2",30,2,4,4,4,3,5,2,4,4,4,4,4,1,3,4,4,5,2,1,2,5,3,4,4,5,2,4,3,6,5,3,5,5,5,3,3.6,3.42857142857143,3.5,3.42857142857143
"JPN2",42,2,4,4,5,4,1,1,4,4,4,5,4,4,5,3,4,2,5,2,4,4,2,3,4,4,4,4,2,3,3,6,4,5,6,6,3.8,3.14285714285714,3.875,3.42857142857143
"JPN2",35,1,2,3,4,3,2,3,2,4,2,3,2,4,2,1,3,5,2,2,3,5,4,2,3,4,3,4,3,2,3,5,6,5,4,7,2,2.57142857142857,3.125,3.85714285714286
"JPN2",39,2,3,3,3,3,3,3,4,3,3,3,4,3,4,3,5,4,3,4,4,3,4,3,3,4,2,2,4,5,5,5,5,3,5,4,3.2,3.28571428571429,3.625,3.14285714285714
"JPN2",19,1,2,4,5,2,1,2,5,3,1,4,4,2,1,4,5,3,3,3,5,5,4,2,3,4,5,2,5,3,3,5,2,5,6,6,1.6,3.28571428571429,4.875,2.71428571428571
"JPN2",19,1,1,2,5,2,1,1,5,2,1,4,5,1,3,5,4,3,2,4,3,5,5,4,3,4,3,2,4,5,3,4,2,4,6,6,1.6,3.42857142857143,4.25,2.57142857142857
"JPN2",36,1,2,3,2,3,2,2,2,2,2,2,2,4,2,2,2,2,4,3,2,3,2,2,2,4,4,2,2,4,4,5,4,4,5,3,2.4,2.57142857142857,2.375,2.42857142857143
"JPN2",39,2,4,5,3,3,4,2,5,4,4,4,4,3,4,3,4,5,4,3,4,4,4,4,4,4,4,3,4,4,7,5,4,4,5,5,4,3.57142857142857,4,3.71428571428571
"JPN2",31,1,2,4,5,2,2,2,5,2,2,3,4,4,4,3,5,4,4,3,4,4,3,4,4,4,4,2,5,5,5,2,6,3,4,4,2.8,3.28571428571429,4.5,3
"JPN2",28,2,4,4,5,4,2,3,3,4,4,4,2,2,3,4,4,5,3,3,2,3,4,4,3,4,2,4,2,5,4,6,5,5,6,6,3.2,3.71428571428571,2.875,3.71428571428571
"JPN2",27,2,2,4,3,2,4,1,5,2,2,4,2,3,3,4,2,2,5,3,3,4,1,4,2,5,4,2,4,4,4,5,6,4,5,3,3.2,3.57142857142857,3.375,2
"JPN2",51,3,2,2,3,2,2,3,5,4,2,3,4,4,2,3,3,5,2,3,4,3,2,4,4,4,4,3,4,3,5,4,2,6,5,6,2,3.14285714285714,3.75,3.42857142857143
"JPN2",22,1,4,4,4,2,3,1,5,4,4,3,4,2,2,4,5,3,3,4,4,4,2,4,4,4,4,2,5,5,5,6,6,5,5,4,3.2,3.42857142857143,4.375,2.71428571428571
"JPN2",33,2,2,4,4,4,2,4,5,5,3,2,4,4,4,4,5,5,4,4,5,4,5,4,4,4,4,3,4,5,6,5,6,5,7,6,3,3.71428571428571,4.375,4.28571428571429
"JPN2",46,1,2,4,4,4,2,3,4,4,2,3,3,4,3,4,4,4,3,4,4,3,4,3,3,2,2,4,4,5,4,4,4,5,5,5,2.4,3.28571428571429,3.5,3.85714285714286
"JPN2",18,2,1,2,4,1,3,2,4,4,2,1,4,2,4,2,4,4,2,1,4,3,4,4,4,2,2,2,4,5,5,5,5,3,3,3,2.4,2,3.625,3
"JPN2",38,1,2,5,1,2,2,4,3,4,3,2,4,2,5,5,4,4,4,5,4,3,5,1,4,5,1,2,4,5,6,2,6,6,7,6,3.2,3.85714285714286,3,3.28571428571429
"JPN2",30,2,1,3,4,2,4,3,4,4,2,3,4,1,4,4,3,4,4,4,2,4,4,4,3,4,3,2,3,6,6,3,4,5,6,6,3,3.57142857142857,3.375,2.85714285714286
"JPN2",33,2,1,3,4,3,1,1,5,2,1,3,4,4,5,4,4,3,4,4,4,4,2,4,4,4,5,2,4,4,6,3,6,5,5,6,2.4,3.28571428571429,4.25,2.85714285714286
"JPN2",47,1,3,4,4,2,3,3,4,3,3,4,4,1,4,2,3,4,4,4,4,4,2,4,4,4,3,4,4,5,5,3,5,3,4,3,3.4,3.57142857142857,3.75,2.85714285714286
"JPN2",37,2,2,4,4,1,2,2,5,5,2,2,4,4,4,4,5,5,5,5,4,4,2,4,5,4,4,4,4,3,5,5,5,5,7,7,3,3.57142857142857,4.25,3.71428571428571
"JPN2",21,1,2,4,5,4,4,2,5,4,3,4,5,4,3,2,4,5,2,2,4,4,4,4,4,5,4,2,5,5,5,5,2,3,6,6,2.8,3.28571428571429,4.5,3.85714285714286
"JPN2",47,1,2,4,4,1,3,1,5,3,3,4,4,2,4,3,4,5,5,5,3,4,2,4,4,5,3,2,4,5,5,3,5,2,2,4,3.4,3.71428571428571,3.875,2.71428571428571
"JPN2",35,2,2,4,4,2,2,1,4,4,1,4,4,1,4,3,4,4,2,4,4,2,4,2,4,4,2,2,4,3,5,5,6,3,3,6,2.2,3.14285714285714,3.5,3
"JPN2",52,3,3,4,3,2,3,3,4,4,3,3,4,3,3,4,4,5,4,4,4,4,2,4,4,4,3,2,3,4,5,5,5,4,5,5,3.2,3.71428571428571,3.625,3.14285714285714
"JPN2",41,2,4,4,4,3,2,2,4,4,3,4,2,2,2,2,4,3,4,4,4,2,4,4,2,2,4,3,4,4,5,1,3,5,4,3,3,3.14285714285714,3.5,3
"JPN2",42,1,3,3,4,3,5,2,5,4,3,4,4,2,3,3,5,1,4,3,4,5,4,4,3,3,4,4,4,6,5,7,6,6,2,4,3.6,3.14285714285714,4.375,3
"JPN2",32,2,5,4,5,2,5,4,5,5,5,4,5,5,5,5,5,5,4,4,5,5,4,5,2,2,5,2,5,6,7,5,5,3,4,5,4.8,4,5,3.57142857142857
"JPN2",25,2,3,3,3,3,3,3,4,3,3,3,3,4,4,3,4,4,3,5,4,3,5,4,4,3,4,3,4,4,3,5,4,5,5,4,3.2,3.42857142857143,3.625,3.71428571428571
"JPN2",34,2,3,4,4,2,2,2,4,4,4,3,4,4,2,2,5,4,4,3,4,4,4,4,2,4,3,2,5,5,5,4,4,5,5,6,3,3.14285714285714,4.125,3.14285714285714
"JPN2",40,2,2,3,4,2,2,3,4,4,2,2,4,4,3,4,3,5,4,2,3,4,4,3,4,4,4,4,4,5,5,5,5,6,6,6,2.6,3,3.75,3.85714285714286
"JPN2",36,2,3,4,4,1,2,2,4,4,3,3,3,3,3,4,3,4,4,4,3,4,3,4,3,4,3,2,3,4,4,5,5,5,5,5,3,3.57142857142857,3.375,2.85714285714286
"JPN2",38,1,3,3,3,4,2,3,4,4,2,2,4,3,3,4,4,4,3,3,3,3,3,4,3,5,2,4,4,3,3,4,4,5,6,5,2.6,3.42857142857143,3.375,3.57142857142857
"JPN2",40,2,1,4,2,2,2,2,3,4,2,3,2,5,2,2,3,4,5,4,2,4,5,3,3,3,4,3,2,1,3,3,1,6,5,7,2.4,3,2.75,3.71428571428571
"JPN2",52,1,4,2,4,2,4,4,2,4,4,4,4,3,3,3,3,4,4,4,2,4,3,4,3,4,4,2,4,5,5,3,5,3,5,3,3.8,3.57142857142857,3.375,3
"JPN2",31,2,2,5,5,2,2,1,5,5,3,5,5,2,5,4,5,5,5,4,5,5,5,5,3,5,5,2,5,5,6,4,6,5,7,5,3.4,4.14285714285714,5,3.42857142857143
"JPN2",47,2,1,3,3,1,2,1,4,2,2,2,4,3,4,2,4,2,4,2,4,4,4,4,2,3,4,4,4,4,6,5,6,2,6,7,2.6,2.42857142857143,3.875,2.57142857142857
"JPN2",35,1,1,3,3,2,2,3,3,3,1,2,3,4,3,4,3,4,3,3,2,4,3,2,3,5,2,3,3,4,4,4,5,5,6,5,2,3.14285714285714,2.875,3.14285714285714
"JPN2",50,1,5,3,4,3,5,1,5,5,4,3,5,2,4,3,5,5,3,2,5,5,3,5,4,5,4,4,5,5,5,5,6,4,4,4,4.2,3.14285714285714,4.75,3.71428571428571
"JPN2",22,1,2,3,3,3,3,3,4,4,3,3,4,3,3,3,4,4,4,3,4,4,4,3,3,3,3,2,2,4,5,4,4,5,4,4,3,3,3.5,3.28571428571429
"JPN2",25,2,2,3,2,2,2,3,5,4,2,3,5,3,4,4,4,5,4,3,4,4,4,4,5,4,2,2,3,5,3,3,5,5,6,6,2.8,3.42857142857143,3.625,3.57142857142857
"JPN2",22,1,2,3,2,3,2,2,5,4,3,3,4,3,4,4,4,4,4,4,4,3,4,3,3,3,3,2,4,5,5,4,4,5,4,5,3,3.14285714285714,3.625,3.28571428571429
"JPN2",50,1,3,2,4,4,3,3,4,3,3,3,3,3,3,4,4,3,4,3,4,4,4,3,4,3,3,3,4,4,4,4,4,5,5,5,3.2,3,3.75,3.42857142857143
"JPN2",32,1,1,2,4,4,1,1,5,2,2,1,5,4,2,4,5,4,4,2,5,5,5,3,4,4,5,2,5,2,5,6,5,5,6,6,2,2.42857142857143,4.875,3.57142857142857
"JPN2",22,1,2,4,4,2,1,2,4,4,1,4,4,1,2,4,5,4,5,1,4,5,4,4,4,5,4,4,4,2,3,5,3,3,5,6,2.2,3.42857142857143,4.25,3.28571428571429
"JPN2",28,2,3,4,5,4,4,1,5,3,4,3,5,1,4,4,5,3,5,5,5,5,4,4,3,5,2,2,5,3,2,3,6,5,7,7,4,3.71428571428571,4.625,2.85714285714286
"JPN2",30,2,1,3,4,1,2,2,4,3,2,2,3,3,2,4,3,5,2,3,3,2,3,2,4,4,2,3,3,5,1,4,3,5,5,5,1.8,2.85714285714286,3,3.14285714285714
"JPN2",57,1,3,3,3,3,4,3,3,4,3,3,2,2,3,3,3,4,4,2,3,3,3,4,3,4,3,3,3,3,4,3,4,3,3,3,3.4,3.14285714285714,2.875,3.14285714285714
"JPN2",34,1,3,2,2,2,3,1,4,4,3,4,3,1,3,4,3,4,4,4,3,4,4,4,3,3,4,2,2,5,2,4,4,3,6,5,3.2,3.14285714285714,3.125,2.85714285714286
"JPN2",26,1,1,4,5,1,1,1,5,2,1,1,5,1,2,2,5,1,1,1,4,4,1,4,1,4,5,2,5,1,6,1,2,5,7,7,1.2,2.42857142857143,4.75,1.28571428571429
"JPN2",35,2,2,3,3,2,3,1,2,5,3,2,5,4,2,3,4,5,4,3,4,5,3,5,5,2,3,4,4,6,6,1,1,5,4,1,2.8,2.71428571428571,3.75,4
"JPN2",28,2,2,1,4,2,2,1,4,4,1,4,4,5,5,5,4,2,4,4,2,5,2,4,2,5,4,4,4,3,6,1,6,6,6,7,2.8,3.42857142857143,3.875,3
"JPN2",25,2,2,3,4,2,3,2,4,4,3,2,4,3,4,4,5,4,4,4,4,3,4,3,3,4,3,3,4,2,4,2,5,5,5,6,3.2,3.14285714285714,3.875,3.28571428571429
"JPN2",22,2,3,3,3,5,4,3,5,4,1,3,4,4,4,3,4,4,4,4,5,3,5,3,3,4,4,3,5,4,4,3,4,4,6,6,3.2,3.28571428571429,4.125,4
"JPN2",26,2,3,1,4,2,4,2,5,4,3,4,5,2,5,4,5,5,4,3,5,5,5,3,4,5,4,4,5,4,5,5,4,5,3,4,3.8,3.14285714285714,4.75,3.71428571428571
"JPN2",20,1,1,4,4,2,3,3,5,3,1,4,4,3,3,3,3,5,3,3,3,3,2,4,3,4,4,3,4,4,5,5,4,4,5,4,2.2,3.57142857142857,3.75,3
"JPN2",29,2,4,4,4,1,4,3,5,4,2,3,5,2,4,3,4,5,4,4,3,4,3,4,3,4,5,2,4,5,5,5,4,5,4,4,3.6,3.57142857142857,4.25,2.85714285714286
"JPN2",42,2,3,4,4,3,2,2,5,4,3,3,4,1,4,4,5,4,4,4,4,4,3,3,3,2,4,4,5,3,4,3,3,5,5,5,3.2,3.14285714285714,4.375,3.14285714285714
"JPN2",36,2,2,3,3,2,2,2,3,3,2,2,3,4,2,4,3,3,4,2,3,3,4,3,3,3,3,4,3,4,4,5,3,4,5,5,2.4,2.71428571428571,3,3.28571428571429
"JPN2",29,2,2,2,4,2,2,3,4,5,1,2,4,3,3,2,5,3,4,4,4,4,3,4,3,5,4,4,4,4,4,5,5,6,4,5,2.4,3.14285714285714,4.125,3.28571428571429
"JPN2",21,2,2,2,4,2,1,2,4,5,2,2,3,5,2,3,4,5,4,4,4,3,5,4,4,3,2,5,5,2,1,1,1,3,5,3,2.2,2.85714285714286,3.625,4.42857142857143
"JPN2",48,2,4,3,3,4,4,3,4,3,4,4,4,4,4,4,4,4,5,4,4,5,5,5,2,5,4,2,4,6,5,6,6,5,6,5,4.2,4,4,3.42857142857143
"JPN2",33,2,2,2,3,3,2,2,4,4,2,2,4,4,3,3,4,4,2,3,4,3,4,2,3,2,2,4,4,2,5,5,5,5,6,6,2.2,2.28571428571429,3.5,3.71428571428571
"JPN2",30,2,2,4,4,4,2,2,5,4,1,3,4,3,3,2,2,4,2,4,4,2,4,4,3,2,3,3,5,2,2,5,3,4,7,6,2,3,3.625,3.57142857142857
"JPN2",44,2,1,3,4,2,1,1,5,4,1,1,5,5,5,4,5,4,5,4,4,2,4,4,4,4,1,3,5,7,7,5,6,2,5,3,2.6,3,3.875,3.71428571428571
"JPN2",44,2,1,2,3,2,1,2,5,4,1,4,4,4,5,4,5,4,2,2,4,2,2,4,3,4,2,4,2,2,5,5,6,5,6,5,2,3.14285714285714,3.375,3.28571428571429
"JPN2",45,1,1,3,4,2,2,1,4,3,1,1,4,2,4,4,4,5,3,4,3,3,2,4,4,4,2,3,4,3,4,4,3,5,5,5,2.2,3,3.5,3
"JPN2",29,2,2,3,4,2,2,1,4,5,2,1,4,5,2,2,4,4,4,2,2,4,1,2,4,4,3,2,4,3,5,5,5,6,7,6,2.4,2.14285714285714,3.625,3.28571428571429
"JPN2",28,1,3,3,3,2,3,2,3,4,2,4,3,3,4,3,4,5,4,3,4,4,3,4,4,4,3,3,3,5,5,5,5,4,4,4,3.2,3.28571428571429,3.375,3.42857142857143
"JPN2",55,2,2,3,2,3,2,2,4,4,2,2,4,4,3,3,3,4,3,3,4,3,4,3,4,4,3,4,4,3,3,4,3,5,6,5,2.4,2.85714285714286,3.375,3.85714285714286
"JPN2",37,2,3,2,4,1,5,1,2,4,4,4,3,1,4,4,3,5,3,3,5,5,3,5,4,5,3,3,2,5,6,6,7,3,6,4,3.8,3.42857142857143,3.375,3
"JPN2",20,2,2,3,4,4,3,2,5,4,3,3,5,3,4,3,5,5,4,3,4,4,4,4,5,4,4,4,4,6,5,5,5,6,6,4,3.2,3.14285714285714,4.375,4.14285714285714
"JPN2",21,2,5,2,2,3,3,2,5,4,5,2,5,3,4,4,5,3,5,2,5,5,4,4,3,4,5,1,5,4,5,4,4,5,5,4,4.4,2.85714285714286,4.625,3
"JPN2",43,2,2,2,2,2,2,2,4,4,2,2,4,4,4,4,4,4,4,2,4,4,4,2,2,2,2,2,4,2,3,5,5,5,6,7,2.8,2.28571428571429,3.5,3.14285714285714
"JPN2",43,1,2,4,4,3,3,3,5,4,2,3,4,4,4,2,4,5,3,2,3,4,4,2,4,4,3,3,3,5,5,5,5,4,6,3,2.8,2.85714285714286,3.75,3.85714285714286
"JPN2",40,2,2,2,4,4,2,2,4,4,3,2,4,4,2,3,4,5,3,3,4,3,4,2,4,3,3,4,4,3,3,4,3,5,5,5,2.4,2.42857142857143,3.75,4.14285714285714
"JPN2",38,2,3,2,4,3,1,2,5,4,3,3,4,4,3,3,4,5,4,3,3,4,4,3,4,5,2,3,4,5,5,4,3,4,5,4,2.8,3,3.75,3.85714285714286
"JPN2",58,2,4,3,4,3,4,2,5,5,4,3,5,3,5,4,5,5,5,5,5,5,5,2,4,5,3,3,5,2,2,4,3,6,5,5,4.4,3.42857142857143,4.625,4
"JPN2",31,2,5,4,4,3,4,2,4,5,4,4,4,3,2,3,4,5,3,3,2,5,5,5,5,5,4,5,4,6,6,7,4,5,7,5,3.6,3.71428571428571,3.875,4.42857142857143
"JPN2",34,2,3,3,4,2,3,4,4,4,5,1,5,5,5,2,4,5,4,3,4,5,3,4,3,4,5,5,2,6,6,4,5,5,6,7,4,3,4.125,3.85714285714286
"JPN2",38,2,3,2,4,2,2,3,4,4,3,2,4,4,2,2,4,4,3,3,3,4,3,4,4,4,3,3,5,5,4,5,3,4,5,5,2.6,2.85714285714286,3.875,3.42857142857143
"JPN2",44,1,3,3,4,2,2,4,3,4,3,3,3,3,3,3,3,4,3,4,2,4,4,3,4,4,3,4,3,4,5,5,4,5,5,5,2.8,3.42857142857143,3.125,3.57142857142857
"JPN2",23,2,3,4,3,4,3,1,4,4,3,3,3,3,4,2,4,5,4,3,3,3,4,4,4,3,3,3,3,4,4,4,4,5,4,6,3.4,2.85714285714286,3.25,3.85714285714286
"JPN2",64,1,3,2,4,2,2,2,5,4,2,3,4,4,3,2,3,5,4,2,3,3,4,3,3,2,1,4,4,4,5,3,4,6,6,6,2.8,2.28571428571429,3.375,3.71428571428571
"JPN2",50,2,3,3,4,3,5,1,3,3,3,4,3,3,3,4,3,2,4,4,3,4,3,4,3,4,3,2,3,4,5,4,4,5,5,5,3.6,3.42857142857143,3.25,2.71428571428571
"JPN2",27,2,2,3,2,2,5,2,3,5,3,2,4,5,2,5,3,4,4,3,2,4,4,4,4,4,3,4,2,5,2,3,6,5,7,3,3.2,3.28571428571429,2.875,4
"JPN2",20,2,3,2,4,2,5,1,4,4,2,4,5,1,2,2,4,2,2,2,5,5,2,1,4,5,4,4,4,5,6,2,2,6,5,6,2.8,2.42857142857143,4.375,2.71428571428571
"JPN2",23,2,3,3,4,2,2,1,3,3,4,3,4,3,4,4,5,5,3,4,2,4,2,5,4,5,5,4,5,3,5,6,6,4,5,5,3.2,3.57142857142857,4,3.28571428571429
"JPN2",33,1,3,3,3,3,2,3,3,3,3,3,4,3,3,3,3,3,3,3,3,3,3,3,3,3,3,3,3,4,4,4,4,4,4,4,2.8,3,3.125,3
"JPN2",54,2,2,3,3,3,3,2,3,3,2,3,3,3,4,4,3,4,3,4,3,4,3,3,4,3,2,3,4,4,4,4,4,4,5,5,2.8,3.14285714285714,3.125,3.28571428571429
"JPN2",46,2,1,3,3,2,5,1,5,3,1,1,5,3,3,4,5,3,4,2,4,3,2,3,3,4,2,2,4,3,2,4,6,5,5,5,2.8,2.57142857142857,3.875,2.57142857142857
"JPN2",31,2,2,3,3,3,2,2,4,2,2,2,4,2,4,3,4,3,2,2,4,4,4,3,2,2,2,2,4,3,3,4,4,3,5,5,2.4,2.42857142857143,3.625,2.57142857142857
"JPN2",57,2,2,3,3,2,2,2,5,2,2,2,4,3,2,2,4,4,3,2,4,2,3,4,2,4,4,2,5,3,3,3,4,4,5,5,2.2,2.71428571428571,3.875,2.57142857142857
"JPN2",48,2,2,4,2,2,2,2,4,4,1,2,4,2,3,2,3,4,3,2,2,4,4,4,2,2,2,4,4,2,5,5,5,4,6,6,2.2,2.57142857142857,3.125,3.14285714285714
"JPN2",50,2,2,4,4,2,5,3,5,4,3,3,2,4,4,3,3,5,3,3,4,4,4,3,4,4,2,3,5,5,4,3,6,5,7,6,3.4,3.28571428571429,3.625,3.71428571428571
"JPN2",48,1,1,4,2,2,3,1,4,3,1,4,4,2,1,2,4,4,4,3,3,2,3,4,4,4,1,3,4,4,5,6,5,6,6,7,2,3.14285714285714,3,3
"JPN2",36,1,2,3,4,2,2,3,4,4,3,3,4,4,2,3,3,2,4,4,4,4,2,4,4,3,3,4,4,6,5,5,4,3,5,4,2.6,3.28571428571429,3.75,3.14285714285714
"JPN2",42,2,4,3,4,3,4,3,4,3,4,3,3,4,4,3,4,3,4,3,3,4,4,3,3,4,3,3,4,4,4,4,4,5,6,5,4,3.14285714285714,3.625,3.28571428571429
"JPN2",39,2,1,2,2,2,1,2,5,4,1,2,2,2,2,4,4,5,2,3,4,3,4,4,5,4,1,2,4,2,3,2,2,5,6,4,1.4,3,3.125,3.42857142857143
"JPN2",32,2,2,4,3,2,2,4,4,4,4,4,3,3,4,4,4,5,4,3,4,3,3,3,4,5,3,4,4,5,6,6,3,5,6,4,3.2,3.85714285714286,3.5,3.57142857142857
"JPN2",47,1,2,3,5,2,1,3,5,4,3,2,5,4,1,3,3,4,5,3,5,4,4,2,4,3,4,3,4,7,7,7,4,4,7,7,2.4,2.71428571428571,4.375,3.57142857142857
"JPN2",39,2,5,4,4,3,1,3,5,3,5,3,4,4,5,3,5,5,3,4,2,4,4,4,4,4,4,4,5,5,5,3,3,4,5,5,3.8,3.57142857142857,4.125,3.85714285714286
"JPN2",25,1,3,5,5,2,5,5,4,5,3,4,3,4,4,3,5,4,2,3,4,5,4,4,5,1,4,2,4,7,6,6,6,6,6,4,3.4,3.57142857142857,4.25,3.71428571428571
"JPN2",30,2,2,3,3,2,3,4,5,3,3,3,5,4,4,3,5,5,4,2,4,4,5,3,4,4,3,3,5,5,5,5,7,6,6,5,3.2,3.14285714285714,4.25,3.71428571428571
"JPN2",35,2,4,4,3,3,2,2,5,4,3,3,4,2,4,4,4,3,4,4,5,4,2,2,3,4,3,4,4,4,4,3,5,5,4,4,3.4,3.28571428571429,4,3
"JPN2",28,2,2,2,3,4,2,2,2,4,2,2,2,4,2,2,2,4,3,2,2,3,4,2,3,2,2,4,2,2,4,5,3,5,6,5,2.2,2,2.25,3.85714285714286
"JPN2",30,2,2,3,4,2,2,3,5,4,2,2,4,3,4,3,5,4,3,3,5,4,4,4,3,4,3,3,5,5,5,3,4,5,5,6,2.6,3.14285714285714,4.375,3.28571428571429
"JPN2",23,2,3,4,3,3,2,3,4,3,2,2,4,4,3,3,4,3,3,4,4,4,4,4,4,4,5,3,4,5,5,3,5,5,6,5,2.6,3.42857142857143,4,3.42857142857143
"JPN2",24,2,3,4,4,3,4,4,3,3,3,4,4,3,3,4,3,3,4,3,3,4,3,3,4,4,3,3,3,5,5,5,6,4,5,5,3.4,3.71428571428571,3.375,3.14285714285714
"JPN2",33,2,2,2,3,2,2,3,4,4,2,4,3,4,4,4,2,3,4,2,2,5,4,4,4,5,4,4,3,5,5,4,3,5,6,4,2.8,3.42857142857143,3.25,3.57142857142857
"JPN2",47,2,2,4,3,3,2,4,4,4,4,3,4,5,3,4,4,4,5,4,3,5,4,4,4,4,4,3,4,6,3,2,4,5,6,6,3.2,3.85714285714286,3.875,3.85714285714286
"JPN2",19,2,1,5,4,2,4,4,5,4,5,3,5,4,5,2,5,4,5,4,5,5,2,4,4,5,5,3,5,6,6,7,6,3,5,6,4,3.85714285714286,4.875,3.28571428571429
"JPN2",53,1,2,3,4,2,3,3,2,5,2,3,2,2,2,3,2,5,2,3,2,4,3,3,4,3,2,4,2,4,3,4,6,5,6,5,2.2,3,2.5,3.57142857142857
"JPN2",38,2,3,4,3,3,4,2,4,3,3,3,4,2,3,3,4,4,3,3,4,3,3,3,3,3,3,4,4,4,4,5,5,4,4,4,3.2,3,3.625,3.14285714285714
"JPN2",37,1,3,3,5,4,2,4,3,4,4,2,3,3,2,3,4,5,3,4,3,4,4,4,2,5,3,3,3,2,4,6,5,6,7,7,2.8,3.57142857142857,3.5,3.57142857142857
"JPN2",41,2,2,3,3,2,2,2,4,3,2,2,3,3,3,4,4,4,3,2,4,3,3,3,3,3,3,3,4,4,4,3,4,4,4,5,2.4,2.71428571428571,3.5,3
"JPN2",48,1,3,3,3,3,3,3,3,3,3,3,3,3,3,3,3,4,3,3,3,3,3,3,3,3,3,3,3,4,4,4,4,4,4,4,3,3,3,3.14285714285714
"JPN2",25,2,2,3,5,3,3,3,2,4,2,4,2,3,2,3,2,4,3,2,2,4,2,2,3,3,4,3,2,3,5,5,6,5,5,5,2.4,2.85714285714286,2.875,3.14285714285714
"JPN2",46,2,3,4,4,1,4,1,5,4,3,3,5,2,3,3,4,4,4,2,5,4,2,4,2,3,4,4,5,4,3,3,4,4,5,5,3.4,2.85714285714286,4.5,2.71428571428571
"JPN2",24,1,2,4,5,4,3,2,4,4,3,3,5,3,4,3,5,5,4,5,4,5,5,3,4,4,5,4,4,6,5,5,7,4,5,7,3.2,3.42857142857143,4.625,4.14285714285714
"JPN2",41,2,2,2,3,3,3,4,2,4,2,2,2,2,3,3,2,4,4,2,4,3,2,2,4,3,2,3,3,3,4,5,5,5,6,5,2.8,2.57142857142857,2.625,3.14285714285714
"JPN2",22,2,4,4,5,2,4,2,5,2,3,4,4,5,4,3,4,4,4,2,4,4,3,4,4,4,2,4,4,5,5,4,5,3,6,6,3.8,3.28571428571429,4,3.42857142857143
"JPN2",44,2,2,4,3,3,3,3,4,4,3,3,4,4,3,3,3,3,3,3,3,4,3,4,3,4,3,3,4,4,4,4,5,5,5,5,2.8,3.42857142857143,3.5,3.28571428571429
"JPN2",44,1,2,3,3,3,3,1,4,4,3,3,4,4,3,3,3,5,4,3,3,4,3,3,3,3,3,3,4,4,3,4,4,4,5,5,3,2.71428571428571,3.5,3.57142857142857
"JPN2",44,2,1,4,3,3,1,3,5,4,1,2,4,4,3,3,4,4,3,3,3,3,3,3,3,4,2,4,2,4,3,2,3,5,6,5,1.8,3.14285714285714,3.25,3.57142857142857
"JPN2",20,1,2,3,3,3,3,4,3,4,2,3,3,3,3,3,4,4,3,3,3,3,3,3,4,3,3,3,4,4,3,5,4,5,5,5,2.6,3.14285714285714,3.25,3.42857142857143
"JPN2",39,2,3,2,5,2,3,2,2,4,3,4,3,3,3,4,4,2,4,3,3,4,2,4,4,5,3,4,3,4,5,4,5,4,5,5,3.2,3.42857142857143,3.375,3
"JPN2",42,2,2,5,4,2,2,2,5,2,2,4,5,2,4,4,4,4,4,2,4,4,4,2,2,2,4,2,5,5,5,3,5,3,5,3,2.8,3,4.375,2.57142857142857
"JPN2",44,2,3,3,3,3,3,2,5,4,3,3,4,2,4,3,4,5,4,4,5,4,2,4,4,4,3,3,5,4,4,5,4,4,5,4,3.4,3.28571428571429,4.125,3.28571428571429
"JPN2",35,2,2,4,4,1,2,1,4,4,1,4,4,2,4,4,5,5,4,2,4,4,4,4,2,4,3,2,4,2,2,5,2,6,5,5,2.6,3.28571428571429,4,2.85714285714286
"JPN2",60,2,2,4,4,2,4,2,5,4,2,4,5,3,4,2,4,5,4,4,4,5,2,2,4,4,4,2,4,3,5,3,6,5,6,5,3.2,3.14285714285714,4.375,3.14285714285714
"JPN2",46,1,3,2,2,2,2,3,5,4,3,2,4,4,4,2,4,5,2,3,4,3,3,2,4,3,3,3,5,3,2,5,3,4,6,4,2.8,2.42857142857143,3.75,3.57142857142857
"JPN2",38,2,2,3,3,3,2,3,3,3,2,3,4,3,4,3,4,4,4,2,3,3,4,3,3,4,4,2,3,5,4,4,5,5,5,4,2.8,3,3.375,3.14285714285714
"JPN2",49,2,3,3,4,3,4,2,5,5,3,4,4,3,4,4,4,5,4,4,4,4,4,3,3,4,3,4,3,5,4,4,4,4,5,5,3.6,3.42857142857143,3.875,3.85714285714286
"JPN2",53,1,2,4,4,4,2,4,2,1,4,3,3,1,3,2,2,2,1,2,2,5,3,4,4,4,2,4,2,5,5,2,5,2,5,6,2.4,3.28571428571429,2.75,2.71428571428571
"JPN2",36,2,3,3,3,3,3,3,5,4,3,2,5,4,3,3,5,5,4,3,4,3,3,4,4,4,3,3,4,4,4,5,5,5,5,5,3.2,3.14285714285714,4,3.71428571428571
"JPN2",41,2,2,4,3,3,2,2,5,4,3,3,4,3,4,3,4,5,4,3,4,4,3,4,5,4,3,4,4,5,4,5,5,6,5,6,3,3.28571428571429,3.875,3.85714285714286
"JPN2",50,2,3,2,3,3,3,3,3,3,3,3,2,3,3,3,3,2,3,2,3,4,3,2,3,2,2,3,4,3,3,4,4,5,4,4,3,2.42857142857143,3,2.85714285714286
"JPN2",36,2,2,4,3,4,3,3,5,3,2,3,5,2,4,3,5,3,4,2,5,4,4,4,2,3,3,1,5,5,4,4,3,4,3,4,3,3.14285714285714,4.375,2.71428571428571
"JPN2",39,1,4,2,4,1,2,1,4,3,4,2,4,2,4,4,5,4,4,5,3,4,3,4,3,4,4,2,4,6,5,6,6,2,3,3,3.6,3.14285714285714,4,2.57142857142857
"JPN2",32,1,2,3,3,2,2,2,4,2,2,2,4,2,2,4,4,3,2,4,3,4,4,4,3,4,3,2,4,4,6,5,5,4,6,5,2,3.28571428571429,3.625,2.57142857142857
"JPN2",32,2,1,3,3,1,1,2,5,3,1,3,4,2,3,2,3,4,2,2,3,3,3,2,3,2,2,3,3,3,4,4,4,5,5,4,1.6,2.28571428571429,3.25,2.71428571428571
"JPN2",52,2,2,4,5,3,2,2,4,3,3,4,4,4,2,4,5,4,5,2,3,4,3,4,3,4,4,4,3,5,5,6,5,4,5,5,2.8,3.42857142857143,4,3.42857142857143
"JPN2",34,1,3,3,4,3,3,3,4,3,3,3,4,3,4,3,4,4,3,3,4,3,3,3,3,4,3,3,4,5,6,6,6,5,6,6,3.2,3.14285714285714,3.75,3.14285714285714
"JPN2",37,1,2,2,5,2,4,2,5,2,2,2,5,2,5,4,5,4,5,4,5,5,5,2,5,5,4,2,5,7,7,5,7,3,3,3,3.6,3,4.875,3.14285714285714
"JPN2",42,2,2,3,3,3,3,3,4,3,3,3,4,3,4,3,5,3,3,3,4,4,4,3,4,3,3,3,5,4,4,4,4,5,5,5,3,3,4,3.28571428571429
"JPN2",51,1,1,4,3,2,2,4,5,4,2,4,2,3,4,5,5,4,4,4,2,4,4,4,5,5,3,2,5,2,4,1,5,4,6,7,2.6,4.28571428571429,3.625,3.42857142857143
"JPN2",32,1,4,4,1,4,2,2,4,4,5,3,4,4,4,1,4,5,4,4,4,5,5,2,4,3,5,4,5,5,5,6,3,6,6,5,3.8,2.71428571428571,4,4.28571428571429
"JPN2",52,2,2,4,5,2,2,2,3,3,2,4,4,3,3,4,4,4,4,2,2,4,3,4,3,4,4,4,3,4,5,5,5,5,6,5,2.6,3.42857142857143,3.625,3.14285714285714
"JPN2",37,2,3,4,3,3,2,3,5,2,2,3,1,3,2,3,5,3,4,4,2,4,4,2,2,4,4,2,4,3,4,4,3,5,4,5,2.6,3.28571428571429,3.5,2.71428571428571
"JPN2",33,2,4,2,3,3,4,3,5,3,4,2,5,3,4,4,5,4,5,3,5,4,5,4,3,3,5,3,5,5,5,6,4,4,5,4,4.2,3,4.625,3.42857142857143
"JPN2",28,2,1,3,1,1,1,1,5,2,1,1,5,1,5,1,5,5,1,1,5,3,5,4,1,5,1,1,5,4,1,1,4,4,4,3,1.8,2.28571428571429,3.75,2.28571428571429
"JPN2",45,2,4,5,2,3,5,2,5,4,5,4,4,4,5,4,5,5,2,4,4,5,5,2,2,2,4,4,4,2,5,2,6,5,5,2,4.2,3.28571428571429,4.125,3.85714285714286
"JPN2",20,1,1,1,5,1,2,1,5,4,1,1,5,4,2,4,5,5,4,2,5,5,3,4,2,1,5,2,5,3,5,6,5,2,5,7,2,2,5,3
"JPN2",29,1,4,4,3,4,2,2,4,5,4,4,4,3,3,4,4,4,4,4,5,4,4,4,5,5,4,4,4,6,6,5,5,5,5,4,3.4,3.85714285714286,4,4.14285714285714
"JPN2",42,2,4,4,4,2,3,3,4,2,4,4,4,4,4,2,4,2,4,4,4,5,2,4,2,4,4,2,5,5,5,5,6,6,6,6,3.8,3.57142857142857,4.25,2.28571428571429
"JPN2",26,1,3,2,4,2,2,2,3,4,3,4,4,3,4,3,3,5,4,2,3,4,3,3,4,3,3,2,2,5,5,4,4,4,5,4,3.2,2.71428571428571,3.25,3.28571428571429
"JPN2",57,2,2,2,1,2,1,2,2,3,2,2,2,4,3,3,2,2,4,2,2,3,3,2,2,3,1,3,2,4,5,5,2,5,6,5,2.4,2.28571428571429,1.875,2.71428571428571
"JPN2",57,2,3,4,4,2,4,2,4,4,3,2,5,4,4,2,2,4,4,2,1,4,2,4,3,4,2,4,3,2,3,2,3,2,5,5,3.6,2.85714285714286,3.125,3.28571428571429
"JPN2",31,2,4,4,3,2,3,3,4,3,3,4,4,2,4,3,4,4,4,2,3,4,3,4,3,3,3,2,4,5,4,5,6,4,5,5,3.6,3.28571428571429,3.625,2.71428571428571
"JPN2",45,2,1,2,2,2,1,1,4,3,1,3,5,4,4,4,5,3,4,2,4,1,4,4,4,3,2,4,5,2,1,2,5,3,5,6,2.2,2.71428571428571,3.5,3.42857142857143
"JPN2",33,1,1,2,3,2,2,2,3,3,1,2,2,2,4,3,4,2,2,3,3,4,4,3,4,2,3,4,4,3,4,3,5,5,6,6,2,2.42857142857143,3.25,3
"JPN2",36,1,2,4,4,1,2,2,4,2,2,4,4,2,3,4,4,4,4,3,4,3,4,4,2,4,2,2,4,6,6,5,5,2,5,2,2.6,3.57142857142857,3.625,2.42857142857143
"JPN2",25,1,1,2,4,3,3,2,4,4,2,1,4,3,4,3,4,4,4,4,4,4,4,4,3,4,4,3,4,5,5,5,6,4,6,7,2.8,2.85714285714286,4,3.42857142857143
"JPN2",32,2,1,4,4,2,3,2,4,2,2,4,4,4,2,4,4,5,2,2,4,2,4,4,3,5,2,4,4,1,2,2,3,4,5,6,2,3.57142857142857,3.5,3.42857142857143
"JPN2",46,2,3,4,4,3,2,4,5,3,2,4,4,4,5,4,3,5,4,4,4,4,5,4,3,4,4,4,2,4,5,6,6,5,7,6,3.2,4,3.75,3.85714285714286
"JPN2",45,2,4,3,3,3,4,3,4,2,4,2,3,4,4,4,4,4,4,3,3,4,4,2,3,3,4,4,3,4,4,5,5,6,4,6,4,2.85714285714286,3.5,3.42857142857143
"JPN2",30,1,2,3,4,3,2,4,4,4,2,2,5,3,2,3,4,5,3,4,4,5,3,3,4,4,3,3,4,4,5,6,5,3,7,6,2.2,3.28571428571429,4.125,3.57142857142857
"JPN2",20,2,4,3,4,4,4,3,5,4,2,4,4,2,4,5,5,4,3,3,4,4,2,3,4,4,4,4,5,5,5,6,2,3,4,5,3.4,3.57142857142857,4.375,3.42857142857143
"JPN2",32,2,3,4,4,5,4,4,3,2,1,2,5,4,4,4,4,5,1,2,5,2,2,4,5,5,1,2,3,6,6,2,7,5,5,3,2.6,3.57142857142857,3.375,3.57142857142857
"JPN2",42,1,2,2,3,2,2,2,4,4,2,2,3,3,4,2,4,3,4,2,3,4,2,2,3,4,3,2,4,5,3,5,3,5,5,4,2.8,2.28571428571429,3.5,2.71428571428571
"JPN2",26,1,1,3,3,2,2,2,5,4,2,3,4,4,3,4,5,4,3,2,4,3,3,4,4,4,3,2,5,5,5,5,5,4,7,3,2.2,3.14285714285714,4,3.28571428571429
"JPN2",27,2,4,3,5,3,2,2,5,4,3,5,2,4,2,2,4,2,5,3,3,4,2,4,4,4,4,2,4,3,2,5,5,5,6,6,3.2,3.28571428571429,3.875,3
"JPN2",29,2,2,4,3,2,3,2,2,4,2,3,4,2,2,3,4,5,4,4,2,4,3,4,4,4,2,4,4,5,5,5,5,4,5,5,2.6,3.42857142857143,3.125,3.42857142857143
"JPN2",57,2,2,4,4,3,2,2,4,2,2,3,4,3,3,2,4,4,2,3,4,3,4,3,3,4,2,3,4,3,3,2,3,6,5,6,2.2,3,3.625,3.14285714285714
"JPN2",36,2,1,2,3,2,3,1,4,4,1,2,4,1,3,4,4,4,2,3,4,3,2,3,4,2,3,2,4,1,4,5,4,2,5,5,2,2.42857142857143,3.625,2.71428571428571
"JPN2",36,2,2,2,2,2,2,2,2,4,2,1,2,4,2,3,2,4,4,3,2,5,2,2,4,2,2,2,2,3,2,4,4,6,7,6,2.4,2.14285714285714,2.375,3.14285714285714
"JPN2",46,1,4,2,4,3,4,3,4,4,4,4,4,3,3,4,4,4,4,3,4,4,3,4,4,4,3,3,4,4,4,3,5,5,4,4,3.8,3.42857142857143,3.875,3.42857142857143
"JPN2",24,2,3,1,1,1,3,4,5,3,1,1,4,2,4,2,4,4,2,1,4,2,2,1,3,4,1,1,5,3,4,7,2,5,5,4,2.6,2,3.25,2.28571428571429
"JPN2",28,2,5,2,4,4,4,2,5,5,4,3,4,4,4,2,5,5,4,4,5,5,4,4,4,4,5,4,5,5,5,5,6,6,3,5,4.2,3,4.75,4.28571428571429
"JPN2",52,2,1,1,3,3,2,2,3,4,1,1,2,3,1,4,2,4,3,1,1,3,4,1,4,3,2,4,2,1,1,1,1,5,5,5,1.6,1.85714285714286,2.25,3.71428571428571
"JPN2",18,1,5,5,3,2,4,3,4,4,4,5,5,5,4,4,4,3,4,3,2,5,2,4,3,5,5,4,2,4,5,4,5,5,3,4,4.2,4.14285714285714,3.75,3.28571428571429
"JPN2",29,2,3,4,4,2,2,2,4,4,3,3,4,4,4,4,4,4,4,3,4,4,3,3,3,3,3,3,4,4,4,4,4,4,5,5,3.2,3.14285714285714,3.875,3.28571428571429
"JPN2",44,2,2,3,3,2,2,2,4,4,3,3,5,3,3,4,4,4,5,2,3,3,3,3,3,4,3,2,4,3,3,3,4,5,6,6,3,3,3.625,3
"JPN2",50,2,4,4,4,2,2,2,5,4,3,4,4,3,3,2,4,4,3,2,4,4,3,3,4,4,4,2,4,3,5,3,5,5,5,5,3,3,4.125,3.14285714285714
"JPN2",42,2,2,3,2,2,2,2,4,3,2,2,4,2,3,3,4,4,3,2,3,4,2,3,3,4,2,2,4,3,2,3,3,3,5,4,2.4,2.71428571428571,3.375,2.57142857142857
"JPN2",48,2,3,3,3,3,4,3,4,4,2,3,5,4,2,3,3,4,4,2,4,4,3,3,3,4,2,2,2,4,2,5,4,4,6,7,3,3,3.375,3.28571428571429
"JPN2",48,2,4,4,4,3,4,3,4,4,4,4,5,4,4,4,4,5,5,4,4,5,4,4,4,4,4,4,4,6,6,6,6,5,5,5,4.2,3.85714285714286,4.25,4
"JPN2",47,2,5,5,4,4,4,2,4,4,4,4,4,5,4,4,5,5,4,4,5,4,5,4,2,5,4,4,2,3,5,1,3,5,7,6,4.2,4,4,4.14285714285714
"JPN2",28,2,3,5,4,3,2,2,4,4,2,2,4,4,4,3,4,4,2,3,4,2,4,4,3,5,1,4,4,3,3,5,3,5,6,4,2.6,3.42857142857143,3.375,3.71428571428571
"JPN2",55,1,1,1,3,2,2,2,5,5,1,1,1,3,1,1,5,5,1,2,5,1,5,2,2,2,2,2,5,2,5,2,5,5,6,6,1.2,1.57142857142857,3.375,3.42857142857143
"JPN2",34,2,2,4,4,3,3,4,4,4,2,4,4,2,4,4,4,5,4,2,4,4,2,4,4,4,4,4,4,5,5,5,6,4,5,6,3,3.71428571428571,4,3.42857142857143
"JPN2",31,2,3,4,3,4,2,2,5,4,3,3,5,4,2,2,4,4,4,3,4,4,4,4,4,4,3,3,4,5,6,4,5,5,6,5,2.8,3.14285714285714,4,3.85714285714286
"JPN2",34,2,1,3,3,2,2,1,5,4,3,3,5,3,4,2,4,5,4,2,5,5,5,1,4,5,4,4,5,2,1,6,6,7,7,6,2.8,2.42857142857143,4.5,3.85714285714286
"JPN2",35,2,4,4,4,4,3,3,4,4,4,4,4,4,3,3,4,5,4,4,4,4,4,4,4,4,4,4,4,6,5,4,5,5,6,5,3.6,3.71428571428571,4,4.14285714285714
"JPN2",33,2,3,4,3,3,3,4,4,4,3,4,3,4,3,4,4,4,4,3,4,4,3,4,4,3,3,3,4,4,5,4,4,4,5,5,3.2,3.71428571428571,3.625,3.57142857142857
"JPN2",32,2,3,4,4,3,2,2,5,4,3,2,4,2,4,4,4,4,4,4,4,4,3,4,4,4,4,2,4,6,6,5,5,4,6,5,3.2,3.42857142857143,4.125,3.14285714285714
"JPN2",27,1,3,4,4,4,2,4,4,4,2,5,4,1,4,4,2,4,5,5,3,4,2,5,4,5,2,1,4,5,6,3,5,5,5,3,3.2,4.57142857142857,3.375,2.85714285714286
"JPN2",42,1,2,3,2,3,3,2,5,3,2,2,5,2,5,4,4,2,4,5,4,3,2,4,4,4,3,2,2,5,6,3,6,5,5,6,3.2,3.42857142857143,3.5,2.57142857142857
"JPN2",36,2,2,4,4,2,3,3,5,2,2,4,4,3,4,3,5,3,4,3,4,4,1,3,2,5,5,3,4,5,5,6,5,7,6,6,3,3.57142857142857,4.375,2.28571428571429
"JPN2",41,1,2,3,4,3,2,3,3,4,2,3,2,3,2,4,3,4,3,4,3,3,3,3,3,4,2,3,3,4,4,3,4,5,4,5,2.2,3.42857142857143,2.875,3.28571428571429
"JPN2",45,2,2,2,3,4,3,2,4,3,3,2,4,3,4,3,4,5,4,3,4,2,5,2,3,2,3,3,2,4,3,2,2,5,4,5,3.2,2.28571428571429,3.25,3.71428571428571
"JPN2",33,2,2,3,2,2,2,1,5,3,2,2,5,3,2,3,5,5,2,2,3,4,4,5,3,5,2,2,5,3,5,3,4,4,4,5,2,3,3.875,3.14285714285714
"JPN2",32,1,2,3,4,4,2,2,2,2,3,3,3,2,4,2,4,3,2,3,4,4,3,3,2,4,4,4,3,5,4,3,2,5,5,5,2.6,2.85714285714286,3.5,2.85714285714286
"JPN2",45,2,3,3,4,3,4,1,3,3,3,4,3,2,5,2,3,5,3,3,2,3,5,3,4,2,4,2,4,3,3,5,6,3,6,4,3.6,2.57142857142857,3.25,3.42857142857143
"JPN2",31,2,2,2,2,1,2,1,3,2,2,1,2,4,2,2,4,2,1,4,2,4,2,2,3,2,2,2,2,2,3,4,5,3,6,6,1.8,2,2.625,2.28571428571429
"JPN2",38,2,1,2,5,2,2,4,4,2,2,2,4,2,2,4,4,2,4,4,2,5,2,2,2,4,5,2,4,5,5,5,6,5,6,6,2.2,3.14285714285714,4.125,2
"JPN2",18,1,4,4,5,5,1,2,5,4,4,4,4,5,3,4,4,5,4,4,4,3,3,4,4,5,3,4,4,7,5,6,5,7,7,6,3.2,3.85714285714286,4,4.28571428571429
"JPN2",30,2,2,2,3,2,2,3,4,4,2,2,4,4,4,3,4,5,4,2,4,4,4,5,2,4,4,3,4,3,3,3,3,4,6,5,2.8,3,3.875,3.42857142857143
"JPN2",36,1,2,2,2,2,2,2,2,4,2,2,4,4,2,4,2,4,3,2,1,4,4,4,4,4,3,4,4,2,2,5,5,3,6,5,2.2,2.85714285714286,2.75,3.71428571428571
"JPN2",22,1,5,2,3,4,4,1,4,3,4,5,3,2,3,5,3,3,3,4,5,5,3,5,3,3,5,3,4,6,5,4,5,5,4,3,3.8,3.57142857142857,4,3
"JPN2",31,2,4,3,3,2,4,4,4,4,4,2,4,2,4,4,4,4,4,3,4,3,3,4,3,4,4,2,4,3,3,4,5,2,5,2,4,3.42857142857143,3.75,2.85714285714286
"JPN2",54,2,2,2,2,2,2,2,3,3,2,2,2,3,2,3,4,3,2,2,4,4,3,3,3,3,2,3,4,3,4,5,4,4,5,5,2,2.42857142857143,3.125,2.85714285714286
"JPN2",31,2,3,2,3,1,5,3,5,2,3,4,4,3,4,3,4,3,4,5,2,5,2,5,4,5,3,3,4,5,4,4,6,3,4,5,3.8,3.85714285714286,3.75,2.57142857142857
"JPN2",30,2,1,2,4,2,2,1,5,4,1,2,4,2,3,3,5,4,3,3,3,3,2,3,4,3,2,2,5,4,5,4,6,5,5,5,2,2.42857142857143,3.875,2.85714285714286
"JPN2",45,1,1,3,4,1,1,2,5,5,1,1,3,5,1,3,4,5,3,5,3,4,5,3,4,4,3,5,4,6,5,3,2,2,6,6,1.4,3,3.75,4.28571428571429
"JPN2",26,2,2,2,4,1,2,4,4,4,2,1,2,2,2,3,4,4,4,2,3,4,3,1,4,1,2,1,2,5,5,5,6,3,5,5,2.4,2,3.125,2.71428571428571
"JPN2",43,2,1,3,4,3,2,2,5,3,2,4,4,2,4,3,4,5,3,2,4,4,2,2,3,4,4,2,4,3,4,3,4,4,5,6,2.4,2.85714285714286,4.125,2.85714285714286
"JPN2",42,2,1,2,4,4,2,2,4,5,2,3,4,4,5,3,4,5,4,4,4,4,5,3,5,2,3,4,4,3,2,5,5,5,6,6,2.8,2.71428571428571,3.875,4.57142857142857
"JPN2",52,1,2,2,4,2,4,2,4,4,3,2,4,2,2,2,2,4,4,2,4,2,4,4,4,2,2,4,4,3,3,3,5,4,5,4,3,2.28571428571429,3.25,3.42857142857143
"JPN2",29,2,4,4,4,2,2,2,5,4,3,4,5,4,5,4,4,4,4,2,4,5,4,4,4,4,4,2,4,6,5,5,3,6,6,6,3.6,3.42857142857143,4.375,3.42857142857143
"JPN2",24,2,4,2,3,3,2,1,5,4,4,4,4,4,2,3,2,5,5,4,4,4,5,4,3,4,3,3,4,1,1,5,7,2,7,4,3.4,3.14285714285714,3.625,3.85714285714286
"JPN2",22,2,5,4,2,1,1,1,5,4,4,4,5,5,4,4,5,3,5,1,5,5,2,4,3,4,4,1,5,6,7,6,5,6,5,6,3.8,3.14285714285714,4.5,2.71428571428571
"JPN2",39,2,3,3,4,3,3,2,4,3,3,3,5,2,3,3,4,2,3,3,3,5,3,4,2,4,4,3,3,5,5,4,3,5,5,4,3,3.14285714285714,4,2.57142857142857
"JPN2",37,2,3,3,3,4,2,3,2,3,3,2,3,4,3,3,3,3,4,3,3,4,4,3,2,2,4,3,3,5,4,3,4,5,6,5,3,2.71428571428571,3.125,3.28571428571429
"JPN2",30,2,2,4,3,4,2,3,3,2,2,3,4,3,3,4,4,4,2,2,4,2,4,4,3,4,3,4,4,3,5,3,4,5,6,5,2.2,3.42857142857143,3.375,3.42857142857143
"JPN2",31,2,2,3,4,3,2,2,4,4,2,2,3,3,3,4,4,4,4,3,3,4,4,2,3,4,3,3,4,4,4,4,5,5,5,5,2.6,2.85714285714286,3.625,3.42857142857143
"JPN2",36,2,4,3,3,2,3,2,5,3,4,2,5,3,5,3,5,5,3,2,5,4,5,3,2,4,4,2,5,3,3,6,5,5,3,4,3.8,2.71428571428571,4.5,3.14285714285714
"JPN2",51,1,2,4,1,1,2,1,2,2,2,3,4,1,3,3,5,4,3,4,4,2,1,4,3,4,2,1,3,5,4,6,5,5,5,6,2.4,3.28571428571429,2.875,1.85714285714286
"JPN2",55,2,2,3,2,2,2,2,5,4,2,2,4,3,2,2,3,5,2,2,4,3,4,2,4,3,2,4,5,5,5,4,4,3,3,3,2,2.28571428571429,3.5,3.71428571428571
"JPN2",21,2,5,4,4,4,1,4,5,5,4,1,5,5,3,4,5,5,4,3,4,4,4,4,4,4,4,3,5,5,5,5,4,6,6,5,3.4,3.42857142857143,4.5,4.28571428571429
"JPN2",36,2,3,2,3,2,3,2,5,2,2,4,5,1,4,4,5,4,4,2,5,5,2,4,3,5,4,2,5,3,2,4,5,3,3,2,3.2,3.28571428571429,4.625,2.28571428571429
"JPN2",40,1,2,2,4,1,2,3,4,2,3,2,3,3,4,4,3,4,3,3,3,3,3,3,3,3,2,4,3,3,4,4,5,4,5,4,2.8,2.85714285714286,3.125,2.85714285714286
"JPN2",45,2,3,3,3,3,2,2,5,4,2,2,4,3,3,2,4,4,3,3,4,4,3,3,3,3,3,3,4,2,2,3,2,4,6,4,2.6,2.57142857142857,3.875,3.28571428571429
"JPN2",64,1,2,3,3,3,2,3,4,3,2,3,3,4,2,4,3,4,4,2,3,5,4,2,3,3,5,3,3,3,4,2,4,4,5,4,2.4,2.85714285714286,3.625,3.42857142857143
"JPN2",40,2,2,4,2,3,4,2,5,4,3,3,4,3,2,4,3,4,5,2,3,4,3,4,3,4,3,3,4,2,2,2,5,5,6,6,3.2,3.28571428571429,3.5,3.28571428571429
"JPN2",55,1,1,4,4,2,2,2,2,2,3,2,3,3,1,4,4,4,3,2,2,4,2,2,3,5,5,3,4,3,4,4,5,2,3,3,2,3,3.5,2.71428571428571
"JPN2",44,2,2,1,4,1,2,1,3,4,3,2,3,3,1,4,5,4,4,2,3,4,1,3,4,4,2,3,2,2,2,5,3,4,5,4,2.4,2.42857142857143,3.25,2.85714285714286
"JPN2",18,2,2,3,4,3,2,2,3,3,1,1,4,4,2,4,4,3,4,3,3,3,2,3,4,4,3,3,4,5,5,6,6,5,6,5,2.2,2.85714285714286,3.5,3.14285714285714
"JPN2",60,1,2,3,3,3,2,3,4,2,2,3,3,4,2,3,3,1,3,3,4,4,4,4,2,4,3,3,4,4,4,2,2,3,5,5,2.2,3.28571428571429,3.5,2.71428571428571
"JPN2",40,1,4,3,3,2,2,2,4,5,3,3,4,2,2,3,4,5,3,3,2,4,5,4,4,4,4,5,4,3,6,5,5,6,5,6,2.8,3.14285714285714,3.625,4
"JPN2",24,1,2,4,4,2,2,1,4,3,2,2,4,4,4,4,4,2,2,2,4,4,4,4,2,4,4,4,4,5,5,3,5,5,6,4,2.4,3,4,3
"JPN2",42,2,3,3,4,2,2,2,4,2,2,2,4,2,2,2,4,4,4,2,4,4,4,3,3,4,2,2,4,5,5,4,4,5,5,5,2.6,2.57142857142857,3.75,2.71428571428571
"JPN2",30,3,2,4,3,3,2,2,2,3,2,4,2,4,3,3,2,3,4,3,2,4,4,2,2,4,2,3,2,3,2,5,3,5,5,5,2.6,3.14285714285714,2.375,3.14285714285714
"JPN2",38,2,3,5,5,4,3,4,5,4,2,4,4,4,4,3,4,3,3,2,4,4,5,4,3,4,3,2,5,4,3,5,5,3,6,5,3,3.71428571428571,4.25,3.57142857142857
"JPN2",65,1,5,3,2,4,1,3,3,4,5,2,3,5,3,3,3,3,5,5,4,5,5,3,3,3,5,5,3,3,3,5,3,5,7,6,3.8,3.14285714285714,3.5,4.14285714285714
"JPN2",40,2,3,3,3,2,3,3,5,5,2,2,4,3,4,2,4,5,4,3,4,3,4,3,4,4,3,3,4,5,4,2,2,6,5,4,3.2,2.85714285714286,3.75,3.71428571428571
"JPN2",43,2,4,4,3,3,4,3,5,5,4,4,5,3,4,4,5,5,4,4,4,4,3,4,3,5,3,4,4,5,6,6,5,5,6,3,4,4,4.125,3.71428571428571
"JPN2",45,2,2,2,2,4,2,2,4,4,2,2,4,3,3,3,4,4,3,3,4,3,4,3,4,3,2,4,2,3,3,3,5,5,5,5,2.4,2.57142857142857,3.125,3.85714285714286
"JPN2",31,2,2,4,3,4,3,1,5,3,4,4,5,4,4,3,4,4,4,3,5,5,3,4,3,4,4,3,5,4,4,1,4,2,5,5,3.4,3.28571428571429,4.5,3.42857142857143
"JPN2",36,2,1,2,4,2,1,2,5,4,1,4,3,4,2,2,4,5,2,4,4,5,4,4,3,4,3,4,3,1,2,2,2,4,7,7,1.4,3.14285714285714,3.875,3.71428571428571
"JPN2",43,1,3,4,3,2,3,3,4,4,3,4,4,4,3,3,4,4,4,3,4,4,4,4,3,4,3,4,4,4,4,4,4,5,6,6,3.2,3.57142857142857,3.75,3.57142857142857
"JPN2",43,2,1,2,3,3,2,2,4,1,2,3,3,4,2,2,2,4,4,5,2,4,4,4,3,5,2,4,4,5,4,3,2,5,6,7,2.2,3.28571428571429,3,3.28571428571429
"JPN2",18,1,2,2,4,2,2,2,1,1,2,2,4,4,4,2,4,4,4,2,4,4,5,5,3,4,2,1,5,2,5,3,4,3,6,6,2.8,2.71428571428571,3.5,2.85714285714286
"JPN2",30,2,2,4,5,2,1,1,4,5,1,4,5,2,2,5,5,4,2,5,2,4,2,4,2,5,2,2,4,4,2,2,5,2,7,6,1.6,4,3.875,2.71428571428571
"JPN2",37,2,2,2,4,4,2,2,4,4,2,2,2,4,2,2,4,4,2,3,2,2,4,2,4,3,2,2,4,5,2,4,3,5,6,6,2,2.28571428571429,3,3.71428571428571
"JPN2",36,2,3,3,4,2,2,2,4,5,1,2,4,3,4,3,4,5,4,3,4,4,4,4,4,4,2,4,4,3,2,5,3,5,6,5,2.8,3,3.75,3.85714285714286
"JPN2",42,1,2,4,4,1,2,3,4,2,2,4,4,3,4,4,4,2,4,4,2,4,1,4,2,4,4,2,3,5,5,5,5,2,3,4,2.8,3.85714285714286,3.625,1.85714285714286
"JPN2",33,2,3,3,3,4,3,3,5,5,3,2,4,4,4,2,5,5,4,3,4,4,4,3,4,3,3,4,4,5,4,4,5,5,6,6,3.4,2.71428571428571,4,4.28571428571429
"JPN2",37,1,3,4,4,3,3,3,4,3,4,4,4,3,4,3,4,4,4,3,4,4,4,3,4,4,3,3,3,4,4,7,7,5,4,4,3.6,3.42857142857143,3.75,3.42857142857143
"JPN2",37,2,4,3,4,4,5,2,5,5,3,4,5,1,3,4,5,4,4,3,3,4,4,4,5,4,3,2,5,3,5,5,5,4,6,6,3.8,3.42857142857143,4.25,3.57142857142857
"JPN2",36,2,3,4,4,4,3,3,4,5,2,4,4,3,4,3,5,5,4,2,4,4,3,3,4,3,3,4,4,3,5,5,5,5,5,6,3.2,3.14285714285714,4,4
"JPN2",29,2,3,4,3,4,3,2,4,4,3,3,3,3,4,4,4,4,4,4,4,4,3,3,4,4,4,3,4,5,5,7,5,4,5,4,3.4,3.42857142857143,3.75,3.57142857142857
"JPN2",49,2,3,4,3,2,3,2,4,3,2,3,2,2,4,2,4,4,3,3,3,4,4,4,3,4,4,2,2,3,3,5,5,5,6,6,3,3.14285714285714,3.25,2.85714285714286
"JPN2",38,1,2,4,3,2,3,3,4,2,2,3,4,2,3,2,3,3,4,4,4,4,3,3,2,3,4,2,3,4,4,5,5,3,5,4,2.8,3.14285714285714,3.625,2.28571428571429
"JPN2",50,1,2,2,4,2,2,2,5,3,3,3,4,2,2,3,4,5,3,3,3,4,2,3,2,4,4,4,4,4,4,5,5,3,5,5,2.4,2.85714285714286,4,2.85714285714286
"JPN2",38,2,1,4,3,2,2,2,4,4,2,2,2,3,3,3,3,4,2,2,2,2,2,4,4,4,2,3,4,4,3,3,2,4,4,6,2,3,2.75,3.14285714285714
"JPN2",25,2,2,2,2,2,2,2,4,2,2,2,4,1,4,2,4,2,4,2,4,4,2,2,2,2,2,1,4,2,2,1,2,4,5,2,2.8,2,3.5,1.71428571428571
"JPN2",30,2,2,3,2,4,2,3,4,3,2,1,2,5,2,4,3,2,3,2,2,2,3,2,3,4,2,5,3,1,2,2,2,6,6,5,2.2,2.71428571428571,2.5,3.57142857142857
"JPN2",32,2,2,2,4,2,3,3,4,4,2,3,4,3,3,3,4,4,3,3,4,4,2,3,3,4,3,2,5,3,3,4,5,5,5,5,2.6,3,4,2.85714285714286
"JPN2",48,3,3,3,3,3,3,3,4,3,3,3,4,3,4,3,4,4,4,3,4,4,3,3,4,4,4,3,4,4,5,5,5,4,5,5,3.4,3.14285714285714,3.875,3.28571428571429
"JPN2",49,2,3,3,3,3,3,2,4,4,3,3,4,3,3,3,4,5,3,3,3,4,3,3,3,3,4,3,4,4,4,4,5,4,5,4,3,2.85714285714286,3.75,3.42857142857143
"JPN2",37,2,3,2,4,3,2,2,4,4,3,2,4,4,4,4,4,4,4,3,4,4,3,3,3,3,4,3,5,3,2,4,4,4,5,5,3.2,2.71428571428571,4.125,3.42857142857143
"JPN2",49,2,3,3,3,2,3,2,4,4,3,3,3,4,4,3,4,5,4,4,4,5,4,2,4,5,3,3,4,5,5,3,5,4,5,4,3.4,3.14285714285714,3.75,3.71428571428571
"JPN2",20,2,3,4,4,2,3,3,2,3,3,4,4,1,4,4,3,2,2,3,2,2,2,5,4,5,4,2,3,7,6,6,6,3,1,1,3,4,3,2.28571428571429
"JPN2",55,1,1,2,2,4,1,3,4,5,1,1,4,2,1,3,4,4,1,4,2,2,4,4,5,1,3,2,4,5,5,5,6,6,6,6,1,2.57142857142857,3.125,3.71428571428571
"JPN2",34,2,2,2,3,1,2,2,5,3,2,2,5,3,3,4,4,3,4,2,2,4,4,4,2,4,4,2,5,5,3,4,4,4,7,5,2.6,2.85714285714286,4,2.57142857142857
"JPN2",40,2,2,2,4,2,2,2,4,4,1,2,4,1,2,2,2,4,1,4,4,2,3,1,2,2,4,2,4,2,2,3,5,3,6,5,1.6,2.14285714285714,3.5,2.57142857142857
"JPN2",26,1,4,2,4,1,2,3,4,2,3,1,4,3,4,3,4,4,4,2,4,4,2,3,2,5,5,1,4,4,5,5,4,3,6,5,3.4,2.71428571428571,4.125,2.14285714285714
"JPN2",30,2,2,3,3,2,2,3,3,3,2,3,2,3,2,4,3,3,3,2,2,4,3,4,4,5,2,2,2,5,5,5,5,5,5,6,2.2,3.42857142857143,2.625,2.85714285714286
"JPN2",54,2,3,4,4,3,4,4,4,3,2,1,5,3,4,4,2,5,3,4,4,5,4,3,4,3,4,4,4,3,5,2,5,6,6,4,3.2,3.28571428571429,4,3.71428571428571
"JPN2",28,1,3,4,3,3,2,2,3,4,3,3,3,3,4,3,3,5,4,2,3,3,3,4,2,4,4,2,3,5,5,5,4,3,3,4,3.2,3.14285714285714,3.125,3.14285714285714
"JPN2",57,1,1,4,2,1,2,2,3,1,1,2,2,4,2,4,5,4,1,1,2,3,3,4,2,3,2,2,4,2,4,5,3,2,5,5,1.4,2.85714285714286,2.875,2.42857142857143
"JPN2",46,2,3,3,3,1,2,2,4,3,2,2,4,4,3,3,5,4,2,2,4,4,3,2,4,2,2,2,2,4,4,4,4,4,6,4,2.4,2.28571428571429,3.5,3
"JPN2",40,2,4,4,4,1,1,3,3,4,4,4,2,4,4,4,4,4,5,2,2,4,2,4,2,4,2,2,3,5,5,5,3,5,5,6,3.6,3.57142857142857,3,2.71428571428571
"JPN2",39,2,2,2,2,4,2,3,5,5,3,2,5,5,4,3,5,5,3,4,4,4,5,4,4,5,3,2,5,4,4,5,5,3,6,4,2.8,3.28571428571429,4.125,4.28571428571429
"JPN2",38,2,1,3,4,3,2,2,5,2,1,2,4,3,4,3,4,5,4,3,4,4,4,4,2,4,4,3,5,3,4,3,5,4,6,5,2.4,3,4.25,3.14285714285714
"JPN2",28,2,1,4,2,1,1,3,1,4,2,3,4,3,3,4,3,4,4,4,2,4,2,4,3,4,2,3,1,5,4,3,6,6,6,6,2.2,3.71428571428571,2.375,2.85714285714286
"JPN2",40,2,2,2,2,2,3,2,3,3,2,2,3,2,3,3,3,5,2,4,3,4,2,4,3,4,4,2,3,3,4,5,6,3,5,6,2.4,3,3.125,2.71428571428571
"JPN2",44,2,3,2,3,2,3,1,4,2,3,3,4,2,4,2,3,3,3,4,3,5,4,1,3,3,2,2,4,2,4,5,5,5,6,3,3.2,2.28571428571429,3.5,2.57142857142857
"JPN2",28,2,3,4,4,4,3,3,4,3,2,3,4,1,5,4,4,3,3,3,4,3,4,4,3,5,4,1,4,3,5,4,3,5,3,4,3.2,3.71428571428571,3.875,2.71428571428571
"JPN2",27,1,3,3,4,2,4,3,5,3,3,3,5,2,4,3,4,3,3,3,4,3,4,4,2,4,4,2,4,4,4,4,5,4,4,3,3.4,3.28571428571429,4.125,2.57142857142857
"JPN2",41,2,2,3,3,3,1,3,5,5,3,3,5,4,3,3,5,5,5,5,5,4,5,5,5,3,3,3,5,1,1,1,7,4,6,4,2.8,3.57142857142857,4.375,4.28571428571429
"JPN2",46,2,2,3,3,3,2,3,4,3,3,3,4,4,4,4,3,4,4,3,3,3,4,3,3,4,3,4,3,4,4,5,4,6,6,6,3,3.28571428571429,3.25,3.57142857142857
"JPN2",34,2,2,3,3,3,3,3,4,3,3,2,3,3,3,2,3,4,3,2,3,3,4,3,3,4,3,3,4,2,3,4,5,4,5,4,2.8,2.71428571428571,3.25,3.28571428571429
"JPN2",47,2,1,2,4,1,2,2,3,3,2,2,4,2,2,3,4,4,4,3,4,4,2,4,3,2,4,3,4,2,3,4,5,4,5,4,2.2,2.57142857142857,3.875,2.57142857142857
"JPN2",52,2,5,3,3,3,4,3,5,4,5,1,5,3,5,3,5,5,5,3,3,4,4,4,4,4,4,3,5,2,2,4,2,6,5,7,4.8,3,4.25,3.71428571428571
"JPN2",46,2,2,4,3,2,4,2,5,4,3,4,4,2,4,2,4,4,2,3,3,4,3,3,2,4,4,2,4,4,4,5,5,4,5,4,3,3.14285714285714,3.875,2.71428571428571
"JPN2",48,3,3,3,4,3,3,3,4,4,3,3,4,3,4,3,4,4,4,3,3,4,3,3,4,4,4,3,4,4,5,5,4,5,5,4,3.4,3.14285714285714,3.875,3.42857142857143
"JPN2",30,2,2,4,4,2,3,2,4,3,2,3,2,3,4,3,4,4,2,4,4,5,3,3,4,4,4,4,4,2,5,5,5,5,6,5,2.6,3.28571428571429,3.875,3.28571428571429
"JPN2",42,2,2,4,4,3,2,2,4,4,2,3,4,4,4,4,4,5,5,2,2,4,4,4,3,3,4,4,4,3,6,5,3,4,6,6,3,3.14285714285714,3.75,3.85714285714286
"JPN2",25,2,3,2,2,2,3,2,3,2,3,2,2,3,4,2,2,3,2,2,3,2,5,2,3,3,2,2,3,4,2,3,3,4,4,2,3,2.14285714285714,2.375,2.85714285714286
"JPN2",43,2,4,4,3,3,3,1,4,3,4,5,4,2,4,4,4,3,4,4,3,3,3,4,3,4,2,4,4,5,3,5,5,2,5,4,3.8,3.71428571428571,3.375,3
"JPN2",29,1,2,3,2,2,2,2,2,4,2,4,2,3,2,4,4,4,3,4,2,4,4,3,4,4,2,2,2,6,3,5,4,5,7,6,2.2,3.42857142857143,2.5,3.28571428571429
"JPN2",40,2,4,4,3,3,3,2,4,3,3,4,3,3,5,3,4,4,4,3,4,4,3,4,3,4,4,2,4,5,5,5,5,5,4,4,3.8,3.42857142857143,3.75,3
"JPN2",26,2,2,4,4,4,2,3,3,4,2,1,4,4,3,3,4,4,3,3,4,3,4,2,3,4,3,4,4,3,4,4,3,5,5,6,2.4,2.85714285714286,3.625,3.85714285714286
"JPN2",40,2,1,2,5,2,2,2,4,3,1,3,5,3,4,2,4,4,1,2,4,5,2,4,4,4,5,2,4,2,2,5,3,5,6,6,1.8,2.71428571428571,4.5,2.85714285714286
"JPN2",43,2,3,4,3,3,2,1,4,3,3,4,4,3,4,4,4,4,4,4,4,3,4,4,3,4,3,3,4,4,4,4,5,3,5,5,3.2,3.57142857142857,3.625,3.28571428571429
"JPN2",50,2,2,4,2,2,3,2,4,3,1,2,4,1,2,4,4,5,2,2,4,4,3,4,3,4,2,2,4,3,3,2,2,4,5,3,2,3.14285714285714,3.5,2.71428571428571
"JPN2",35,2,4,4,4,2,4,4,2,4,2,4,4,4,4,4,4,4,4,4,4,2,4,4,4,4,4,4,4,3,5,2,2,2,2,5,3.6,4,3.5,3.71428571428571
"JPN2",39,2,4,4,4,2,3,1,4,4,4,4,4,3,4,4,4,4,5,2,2,4,2,4,2,4,5,4,3,5,6,5,5,5,6,4,4,3.28571428571429,3.75,3
"JPN2",33,1,3,3,3,2,3,3,4,4,3,3,4,3,4,3,4,4,3,3,3,3,3,3,3,3,3,3,4,5,5,5,5,4,6,4,3.2,3,3.5,3.14285714285714
"JPN2",40,2,3,4,3,2,3,3,4,3,3,4,2,4,3,4,3,4,3,4,4,2,5,3,3,3,1,4,2,4,4,4,4,5,6,6,3,3.57142857142857,2.625,3.57142857142857
"JPN2",45,2,2,3,3,2,3,3,2,2,2,2,3,3,2,4,3,3,2,4,2,3,4,3,2,4,2,3,2,3,5,4,5,3,4,4,2.2,3.28571428571429,2.5,2.71428571428571
"JPN2",23,1,3,3,4,3,3,2,4,4,2,4,3,5,4,4,4,3,4,4,4,4,4,5,3,4,3,4,4,6,6,6,6,7,7,7,3.2,3.71428571428571,3.75,3.71428571428571
"JPN2",42,2,4,5,4,3,4,2,5,4,4,3,4,4,5,5,4,2,4,4,4,5,5,4,3,5,4,4,5,6,5,5,6,5,5,3,4.2,4,4.375,3.57142857142857
"JPN2",33,2,1,3,4,3,2,2,4,4,1,2,4,4,2,2,4,5,1,3,4,2,4,3,4,3,2,4,4,5,5,3,6,6,5,5,1.4,2.57142857142857,3.5,4
"JPN2",42,2,2,5,4,1,2,1,5,5,1,4,5,2,4,2,5,5,1,2,3,4,2,5,5,5,2,2,5,2,3,2,7,5,4,6,2,3.42857142857143,4.125,3.14285714285714
"JPN2",20,1,1,1,1,4,1,1,5,2,1,1,2,1,1,1,4,2,4,3,3,1,4,4,4,4,1,2,5,5,4,5,2,2,1,1,1.6,2.14285714285714,2.75,2.71428571428571
"JPN2",61,1,1,4,2,3,2,3,5,3,5,2,2,2,1,4,2,4,2,2,3,4,4,2,4,4,4,2,2,4,6,6,6,4,5,4,2.2,3,3,3.14285714285714
"JPN2",35,2,2,2,4,2,2,1,5,3,1,2,5,2,5,2,5,5,4,3,4,4,4,3,2,4,5,2,5,4,3,5,2,6,5,5,2.8,2.42857142857143,4.625,2.85714285714286
"JPN2",35,2,2,3,2,1,2,2,3,4,1,3,4,1,4,4,4,2,4,2,3,2,1,2,2,4,3,2,4,3,2,2,3,5,5,5,2.6,2.85714285714286,3.125,1.85714285714286
"JPN2",42,2,1,3,3,1,2,1,2,2,1,3,3,4,2,2,4,4,4,4,3,4,3,2,2,3,2,2,4,2,3,2,3,2,5,3,2,2.57142857142857,3.125,2.57142857142857
"JPN2",35,2,3,3,3,3,3,3,3,3,3,2,3,3,3,3,3,3,3,3,3,3,3,3,3,3,3,3,3,4,4,4,4,4,4,4,3,2.85714285714286,3,3
"JPN2",33,2,3,3,3,2,1,2,4,4,2,2,4,4,2,4,4,4,4,4,4,5,4,4,2,5,2,3,4,3,6,2,3,5,7,5,2.4,3.42857142857143,3.75,3.28571428571429
"JPN2",37,1,2,4,3,2,3,2,5,3,4,2,4,1,4,4,4,4,2,3,3,4,2,3,2,3,3,2,5,2,2,4,1,6,7,6,3,3,3.875,2.28571428571429
"JPN2",76,1,2,3,4,4,2,4,4,3,3,3,2,4,3,4,3,2,4,3,4,4,4,4,4,3,3,4,2,4,4,4,3,5,6,5,2.8,3.42857142857143,3.25,3.57142857142857
"JPN2",20,2,5,4,3,3,3,3,3,3,5,2,3,3,4,2,3,4,3,4,4,5,4,4,4,4,4,3,2,5,6,6,5,3,7,7,4,3.28571428571429,3.375,3.42857142857143
"JPN2",36,2,3,4,3,3,3,2,4,3,3,3,3,3,3,4,4,4,3,3,3,4,5,3,3,4,3,2,4,5,5,5,6,5,6,4,3,3.28571428571429,3.5,3.28571428571429
"JPN2",22,2,2,2,3,3,2,2,4,3,2,2,3,3,3,3,3,4,2,2,2,4,3,4,3,4,3,4,3,4,3,4,3,5,5,5,2.2,2.71428571428571,3.125,3.28571428571429
"JPN2",47,2,3,3,3,3,3,3,4,4,3,3,4,3,3,4,3,4,3,3,3,3,4,3,4,3,2,3,4,4,4,5,5,4,6,6,3,3.14285714285714,3.25,3.57142857142857
"JPN2",59,2,3,4,3,3,3,2,4,3,4,4,4,4,5,4,4,5,3,4,4,2,4,3,4,4,4,3,4,4,7,4,6,6,6,6,3.6,3.57142857142857,3.625,3.71428571428571
"JPN2",37,2,3,2,4,2,3,1,4,4,3,2,4,2,5,2,4,5,4,4,4,4,3,3,3,4,4,3,3,5,5,5,6,2,3,4,3.6,2.57142857142857,3.875,3.14285714285714
"JPN2",63,2,2,2,2,3,2,2,2,3,3,2,2,2,2,3,2,2,2,4,2,4,4,4,3,3,2,3,2,4,3,3,4,4,4,5,2.2,2.85714285714286,2.25,2.85714285714286
"JPN2",34,1,3,4,4,3,3,1,5,3,1,1,3,3,2,1,3,4,4,3,4,3,5,1,2,3,3,2,5,5,4,5,4,5,6,7,2.6,2,3.75,3.14285714285714
"JPN2",32,2,1,3,4,1,2,1,5,5,1,3,4,4,5,4,5,5,4,4,5,5,4,4,4,5,4,2,5,2,1,5,1,2,7,6,2.6,3.42857142857143,4.625,3.57142857142857
"JPN2",45,1,2,3,3,4,2,1,4,3,2,2,3,1,3,2,4,4,1,4,4,2,2,4,3,2,2,4,4,3,3,2,3,4,4,4,2,2.57142857142857,3.25,3
"JPN2",40,1,2,4,5,5,2,2,5,4,2,4,5,4,2,3,4,5,3,4,4,3,4,3,4,5,2,3,5,2,2,2,2,7,6,6,2.2,3.57142857142857,4.125,4.14285714285714
"JPN2",55,2,3,4,4,4,3,3,4,3,3,3,2,3,2,4,4,3,4,3,2,5,4,3,4,4,3,4,2,4,3,5,4,6,5,5,3,3.42857142857143,3.25,3.57142857142857
"JPN2",31,2,2,4,4,2,2,1,2,4,2,2,4,2,4,4,4,2,2,1,2,4,5,2,2,1,4,2,4,7,7,5,7,1,5,2,2.4,2.14285714285714,3.5,2.71428571428571
"JPN2",48,2,3,3,4,3,2,3,5,4,3,3,5,3,5,4,5,4,4,3,4,4,3,3,4,4,4,3,5,5,6,6,6,5,7,5,3.4,3.28571428571429,4.5,3.42857142857143
"JPN2",52,1,1,2,4,2,2,2,4,5,1,1,2,4,4,2,4,5,4,4,2,1,4,4,4,4,1,2,5,3,3,2,6,3,3,2,2.4,2.71428571428571,2.875,3.71428571428571
"JPN2",49,2,4,4,3,1,2,4,3,3,3,3,3,2,3,3,4,4,3,4,4,4,2,4,3,4,2,2,3,5,4,5,6,3,6,5,3,3.71428571428571,3.25,2.42857142857143
"JPN2",34,1,2,3,4,3,2,4,3,2,2,1,5,3,4,3,5,3,4,3,4,4,3,4,2,4,3,3,5,6,5,5,5,3,6,4,2.8,3.14285714285714,4.125,2.71428571428571
"JPN2",27,2,2,2,4,2,3,2,5,2,1,4,4,2,4,4,5,4,5,3,4,5,3,4,3,4,4,3,5,5,4,4,4,5,5,5,3,3.28571428571429,4.5,2.71428571428571
"JPN2",30,2,2,4,4,4,2,3,4,5,2,2,4,5,2,3,4,5,4,4,4,3,5,4,4,5,2,5,4,3,5,5,2,6,7,7,2.4,3.57142857142857,3.625,4.71428571428571
"JPN2",33,2,2,2,2,3,2,2,2,4,3,2,2,3,3,3,2,5,3,2,2,2,3,2,3,2,3,2,2,4,4,4,4,4,4,5,2.6,2.14285714285714,2.125,3.28571428571429
"JPN2",57,2,2,4,4,2,3,3,4,3,2,4,4,4,4,4,4,4,3,2,3,3,5,4,4,4,2,3,4,4,5,4,5,4,4,5,2.8,3.57142857142857,3.5,3.57142857142857
"JPN2",56,1,1,2,4,4,2,2,4,4,2,3,3,3,3,4,4,2,4,2,2,4,3,2,2,4,3,2,4,4,5,5,3,4,6,6,2.4,2.71428571428571,3.5,2.85714285714286
"JPN2",62,2,2,3,3,3,3,3,5,3,2,1,5,3,3,3,5,3,4,3,4,5,3,4,2,4,2,3,5,5,5,5,5,3,5,3,2.8,3,4.25,2.85714285714286
"JPN2",28,2,4,3,3,3,3,4,4,3,5,2,3,5,3,4,4,4,4,4,3,4,5,2,2,2,2,4,4,3,1,5,2,7,7,7,3.8,3,3.375,3.71428571428571
"JPN2",44,2,1,2,4,4,3,5,4,4,2,5,4,2,4,5,2,4,3,4,2,3,4,4,3,5,3,2,2,7,7,7,7,4,5,2,2.6,4.28571428571429,3,3.28571428571429
"JPN2",19,1,1,1,3,3,1,3,3,2,1,2,3,4,3,3,4,4,3,3,3,4,4,3,4,3,3,5,5,5,5,2,3,2,7,7,1.8,2.57142857142857,3.5,3.71428571428571
"JPN2",19,2,3,4,4,2,2,2,4,4,4,4,4,4,3,4,4,4,3,3,3,4,3,5,3,4,3,4,4,3,5,4,6,5,5,5,3,3.71428571428571,3.75,3.42857142857143
"JPN2",53,2,4,4,5,4,3,2,5,4,3,4,3,3,5,5,5,4,5,3,4,5,5,5,5,4,3,3,5,3,7,7,7,5,6,5,4,3.85714285714286,4.375,4
"JPN2",34,2,2,4,3,3,2,4,4,3,2,2,4,3,4,3,4,3,4,2,4,4,3,4,2,4,3,2,4,4,5,5,4,4,5,3,2.8,3.28571428571429,3.75,2.71428571428571
"JPN2",41,2,1,4,2,2,2,2,5,5,1,4,5,4,2,4,4,2,4,2,4,1,1,4,2,3,1,4,4,3,5,5,5,3,3,3,2,3.28571428571429,3.25,2.85714285714286
"JPN2",51,2,4,2,4,2,4,2,4,4,4,2,4,2,4,2,3,4,4,4,4,4,4,4,4,4,4,4,3,2,4,4,4,5,6,5,4,2.85714285714286,3.75,3.42857142857143
"JPN2",29,2,3,3,3,2,2,1,4,3,2,4,4,2,2,3,4,4,3,2,2,5,2,4,2,4,4,2,4,5,5,4,4,3,5,5,2.4,3,3.75,2.42857142857143
"JPN2",62,1,1,4,5,4,1,2,5,5,1,3,5,2,2,4,5,5,3,5,5,5,4,4,5,4,4,5,5,5,5,5,5,4,6,4,1.6,3.71428571428571,4.875,4.28571428571429
"JPN2",45,2,5,4,4,3,3,2,5,3,4,4,3,4,4,4,3,4,3,4,3,5,4,4,3,5,3,4,3,5,5,6,7,6,6,6,3.8,3.85714285714286,3.625,3.57142857142857
"JPN2",29,2,3,3,3,3,3,3,4,4,2,3,4,3,4,4,5,2,3,2,5,5,3,3,4,4,4,2,4,5,5,5,5,3,6,4,3,3.14285714285714,4.25,3
"JPN2",27,2,4,4,4,3,5,3,4,3,3,4,3,2,4,5,4,5,4,3,4,4,3,4,4,5,4,3,4,5,7,5,7,5,6,4,4,4,3.875,3.28571428571429
"JPN2",26,2,3,3,3,2,2,2,3,3,2,2,4,3,3,3,3,4,3,3,4,4,3,2,4,3,4,3,3,4,4,3,5,4,5,5,2.6,2.57142857142857,3.5,3.14285714285714
"JPN2",50,2,3,2,4,2,4,3,4,2,4,3,5,3,4,4,4,4,4,3,4,5,4,4,3,4,3,4,4,2,3,3,2,5,6,5,3.8,3.28571428571429,4.125,3.14285714285714
"JPN2",31,1,2,2,4,2,1,2,3,4,2,2,4,4,3,5,5,2,4,2,2,4,4,4,3,5,4,1,4,5,6,3,2,3,6,5,2.4,3.14285714285714,3.75,2.85714285714286
"JPN2",41,3,2,3,3,3,3,3,3,3,1,2,3,3,3,3,3,3,2,2,3,3,3,3,3,3,3,3,3,4,4,4,4,4,4,4,2.2,2.71428571428571,3,3
"JPN2",25,2,1,3,4,2,2,2,5,3,1,4,4,2,2,4,4,3,2,4,3,4,2,4,4,2,3,1,4,3,3,4,3,3,5,3,1.6,3.28571428571429,3.875,2.42857142857143
"JPN2",38,2,3,4,3,3,3,4,4,4,3,4,4,3,3,3,3,5,3,4,4,2,4,4,3,4,2,4,3,4,3,5,6,5,6,6,3,3.85714285714286,3.125,3.71428571428571
"JPN2",41,3,3,3,3,3,3,3,4,3,3,3,3,3,2,3,3,3,2,3,3,3,4,3,3,4,3,4,4,1,3,4,3,4,4,4,2.6,3.14285714285714,3.25,3.28571428571429
"JPN2",36,1,1,4,4,3,1,2,4,4,1,2,4,4,2,4,4,5,1,4,2,4,4,4,4,4,1,3,4,2,3,4,4,5,6,6,1.2,3.42857142857143,3.375,3.85714285714286
"JPN2",43,1,1,3,2,2,1,1,5,2,1,3,5,2,2,4,4,4,2,1,2,4,2,2,2,3,4,2,5,4,4,4,5,4,5,5,1.4,2.42857142857143,3.875,2.28571428571429
"JPN2",36,1,1,2,5,5,2,1,5,5,1,2,5,4,5,2,5,5,5,1,5,5,5,1,5,2,1,5,4,5,6,1,2,5,5,7,2.8,1.57142857142857,4.375,4.85714285714286
"JPN2",24,1,2,4,4,4,3,4,5,3,2,3,5,3,4,4,5,4,3,2,3,5,4,3,4,3,4,4,4,5,5,6,5,5,5,5,2.8,3.28571428571429,4.375,3.71428571428571
"JPN2",18,2,1,3,4,2,4,1,5,3,1,1,5,2,5,4,5,2,4,4,4,5,1,4,4,5,3,1,5,2,2,1,2,5,5,5,3,3.14285714285714,4.5,2.14285714285714
"JPN2",27,2,4,2,4,4,4,2,5,4,4,1,5,4,5,2,5,3,4,2,5,4,4,2,3,2,4,4,5,3,3,5,2,6,4,6,4.2,1.85714285714286,4.625,3.71428571428571
"JPN2",34,2,1,4,1,2,1,3,4,5,1,2,2,4,4,4,4,5,2,4,4,3,5,2,5,1,1,4,1,1,1,3,3,5,7,6,1.8,2.85714285714286,2.5,4.28571428571429
"JPN2",48,1,1,4,2,2,5,1,5,4,1,4,4,4,3,2,4,3,2,2,2,2,4,4,2,4,2,2,5,5,5,5,3,3,6,5,2.4,3,3.25,3
"JPN2",34,2,2,2,3,2,2,2,4,4,2,2,4,3,2,3,2,4,4,3,3,3,4,2,2,3,2,3,3,5,4,4,5,5,5,6,2.4,2.42857142857143,3,3.14285714285714
"JPN2",37,2,3,3,4,3,2,2,4,2,2,3,4,3,3,3,4,3,3,2,3,3,3,4,3,3,3,3,4,4,3,2,4,5,6,4,2.6,2.85714285714286,3.625,2.85714285714286
"JPN2",32,2,1,4,2,4,2,4,5,5,1,2,5,2,4,4,4,5,1,2,4,4,4,2,5,4,2,4,5,1,2,5,3,5,6,5,1.8,3.14285714285714,3.875,4.14285714285714
"JPN2",28,1,2,3,2,2,2,1,5,3,1,3,4,1,4,4,5,4,4,2,4,4,3,2,3,4,2,1,1,4,2,1,5,2,5,6,2.6,2.71428571428571,3.375,2.42857142857143
"JPN2",23,2,1,2,2,2,2,2,2,2,2,2,2,2,4,4,2,3,4,2,3,4,2,4,2,4,3,4,3,3,5,4,4,5,5,5,2.6,2.85714285714286,2.625,2.42857142857143
"JPN2",34,2,3,4,5,4,5,1,5,5,5,2,5,4,2,4,5,3,4,4,5,2,5,4,3,5,4,2,5,5,6,7,5,5,6,2,3.8,3.42857142857143,4.5,3.71428571428571
"JPN2",53,2,1,2,3,3,3,1,3,4,2,2,3,5,4,3,3,3,3,2,3,3,4,2,3,2,2,3,4,2,4,1,4,4,6,5,2.6,2,3,3.57142857142857
"JPN2",30,2,3,4,3,2,4,2,5,3,3,4,4,2,4,4,1,5,4,3,4,4,4,4,4,4,4,4,5,4,4,7,7,5,7,5,3.6,3.57142857142857,3.75,3.42857142857143
"JPN2",42,1,1,3,4,3,2,2,5,1,1,3,5,4,3,3,2,4,4,3,4,3,2,3,3,4,2,4,5,5,5,4,3,4,5,5,2.2,3,3.75,3
"JPN2",33,2,2,3,3,2,3,2,3,3,2,2,3,2,3,3,4,4,2,3,3,4,3,3,3,3,2,3,4,5,6,5,5,4,5,4,2.4,2.71428571428571,3.25,2.85714285714286
"JPN2",45,2,2,3,3,4,3,2,4,4,3,3,4,4,2,3,4,4,3,3,3,4,4,3,3,3,3,3,2,5,5,3,4,4,6,6,2.6,2.85714285714286,3.375,3.71428571428571
"JPN2",35,2,2,5,3,2,3,1,3,3,3,5,4,2,4,3,4,4,2,2,4,4,3,4,2,4,3,2,4,4,5,6,6,3,4,3,2.8,3.42857142857143,3.625,2.57142857142857
"JPN2",24,1,3,2,4,4,3,4,3,4,2,4,4,2,4,4,5,5,4,2,4,4,5,3,4,4,5,2,4,4,6,5,4,6,6,5,3.2,3.28571428571429,4.125,3.71428571428571
"JPN2",20,2,3,4,4,4,4,5,2,4,3,2,4,3,2,5,5,5,4,1,3,5,2,5,2,5,4,3,3,5,6,2,4,3,6,6,3.2,3.85714285714286,3.75,3.28571428571429
"JPN2",54,2,1,2,4,2,1,3,4,4,2,2,3,4,2,3,4,3,4,3,3,5,5,2,4,2,2,3,4,2,2,1,2,4,5,6,2,2.42857142857143,3.625,3.57142857142857
"JPN2",34,2,2,3,4,2,2,2,5,3,2,4,4,3,3,2,5,3,4,3,4,4,4,3,2,4,2,3,5,5,5,4,5,4,6,5,2.6,3,4.125,2.85714285714286
"JPN2",59,2,1,2,1,4,1,1,3,2,1,1,1,4,1,4,2,2,2,1,2,1,2,2,2,1,2,2,1,1,1,3,2,5,3,3,1.2,1.71428571428571,1.625,2.57142857142857
"JPN2",29,2,4,4,4,4,2,1,5,4,4,2,4,5,4,4,4,5,2,2,4,5,4,4,4,5,5,4,5,5,3,4,4,5,7,6,3.2,3.14285714285714,4.5,4.28571428571429
"JPN2",36,2,1,2,2,1,2,1,5,4,1,2,4,4,3,2,5,5,5,4,4,4,4,1,4,1,3,2,5,5,5,5,3,6,3,7,2.4,1.85714285714286,4,3.42857142857143
"JPN2",37,2,2,2,4,2,3,4,5,2,3,2,3,3,4,3,3,4,5,3,2,5,2,4,4,4,3,3,4,4,4,4,5,5,6,5,3.4,3.14285714285714,3.625,2.85714285714286
"JPN2",24,2,4,4,3,3,4,3,5,3,4,3,4,4,4,4,4,4,4,3,4,4,5,4,4,4,4,3,4,5,5,4,5,5,5,5,4,3.57142857142857,4,3.71428571428571
"JPN2",53,2,3,5,2,3,3,3,4,5,3,4,4,4,4,5,2,2,4,2,3,4,3,3,3,3,2,4,4,2,4,5,3,6,5,6,3.4,3.57142857142857,3.125,3.42857142857143
"JPN2",24,2,3,3,3,2,2,3,4,3,3,3,4,4,3,4,3,2,4,3,3,4,3,3,3,4,2,2,3,4,5,5,4,5,5,4,3,3.28571428571429,3.25,2.71428571428571
"JPN2",31,1,3,3,4,2,1,1,4,2,3,3,3,4,3,2,4,4,4,4,4,4,2,4,2,4,3,1,4,3,5,3,4,4,6,7,2.8,3,3.75,2.42857142857143
"JPN2",43,2,4,3,3,2,2,2,4,3,4,3,4,3,4,3,4,5,4,3,4,4,3,4,3,4,4,3,5,2,3,5,4,4,6,5,3.6,3.14285714285714,4,3.14285714285714
"JPN2",23,2,1,1,4,3,1,1,4,4,2,1,4,5,2,4,5,2,4,3,4,4,4,3,2,4,4,3,5,4,5,5,5,6,6,7,2,2.42857142857143,4.25,3.28571428571429
"JPN2",31,2,2,4,4,1,2,1,4,2,2,4,4,4,5,3,4,4,4,4,4,4,1,2,2,4,2,2,4,5,5,4,5,4,6,7,3,3.14285714285714,3.75,2.28571428571429
"JPN2",20,2,1,2,4,4,4,1,4,4,2,1,5,4,4,2,4,4,4,2,4,4,4,1,4,2,4,2,4,2,3,5,4,5,5,6,3,1.57142857142857,4.125,3.71428571428571
"JPN2",52,2,3,3,4,2,3,4,4,3,4,3,4,3,3,3,5,5,3,2,3,4,4,3,4,3,4,3,4,3,3,4,5,5,5,4,3.2,3,4,3.42857142857143
"JPN2",23,2,3,4,4,3,4,2,5,4,3,3,4,3,4,3,4,4,3,3,4,4,4,3,4,4,4,4,4,5,5,4,5,5,5,4,3.4,3.14285714285714,4.125,3.71428571428571
"JPN2",46,2,2,4,4,3,4,2,4,3,3,3,3,4,4,4,4,5,4,4,3,4,4,4,3,4,4,3,4,4,6,4,6,5,5,5,3.4,3.57142857142857,3.75,3.57142857142857
"JPN2",41,1,2,2,2,2,2,1,2,4,1,2,2,4,2,2,4,4,2,2,1,2,3,3,4,2,2,4,2,2,3,3,3,3,5,5,1.8,2,2.125,3.57142857142857
"JPN2",49,1,2,2,2,1,1,2,4,5,2,4,4,2,2,2,2,5,2,1,2,4,3,2,5,4,4,4,2,2,1,1,1,6,7,6,1.8,2.42857142857143,3,3.57142857142857
"JPN2",40,1,3,3,3,4,2,3,2,4,3,3,3,4,2,3,4,5,4,3,4,4,4,3,4,4,3,4,3,3,2,4,4,5,5,5,2.8,3.14285714285714,3.25,4.14285714285714
"JPN2",47,2,3,3,3,3,3,3,4,5,3,3,3,4,3,3,4,5,4,3,4,4,4,3,5,4,4,4,4,4,4,5,4,5,6,4,3.2,3.14285714285714,3.75,4.28571428571429
"JPN2",50,2,3,3,3,2,2,3,3,3,4,3,3,4,4,4,3,4,3,2,3,4,4,3,4,3,3,3,4,3,3,3,4,4,5,5,3.2,3,3.25,3.42857142857143
"JPN2",30,1,1,2,4,3,2,2,4,1,1,2,2,4,3,2,4,3,1,5,4,1,4,2,3,2,2,3,4,1,1,1,1,4,7,7,1.6,2.42857142857143,3.125,3
"JPN2",44,1,3,4,4,3,4,2,4,4,2,3,4,2,4,4,4,2,4,4,4,4,2,4,4,4,4,4,4,5,5,4,5,3,5,6,3.4,3.57142857142857,4,3
"JPN2",39,1,4,4,4,2,1,2,5,5,3,3,4,2,3,2,4,3,4,4,4,3,4,4,4,4,2,4,5,6,5,2,4,1,7,4,3,3.28571428571429,3.875,3.42857142857143
"JPN2",21,2,2,4,3,3,1,1,3,2,1,4,3,3,3,3,3,3,3,1,4,5,3,3,3,4,3,1,3,5,6,2,1,6,7,6,2,2.85714285714286,3.375,2.57142857142857
"JPN2",34,2,4,4,4,2,4,4,5,2,4,4,5,2,4,4,5,4,3,2,4,5,2,4,3,5,4,1,5,6,7,5,6,4,4,5,3.8,3.85714285714286,4.625,2.28571428571429
"JPN2",39,1,2,4,4,4,2,2,5,4,2,1,5,4,4,4,5,5,2,4,4,4,2,4,2,5,4,4,4,5,5,6,5,6,5,6,2.4,3.42857142857143,4.375,3.57142857142857
"JPN2",25,2,4,4,4,3,4,2,4,3,3,3,4,3,4,4,4,3,4,3,4,4,3,4,3,4,3,2,4,3,4,3,5,4,5,5,3.8,3.42857142857143,3.875,2.85714285714286
"JPN2",49,2,3,4,3,3,3,2,4,3,3,3,4,2,4,3,3,4,3,3,3,4,3,4,3,4,4,3,4,4,5,4,4,4,5,4,3.2,3.28571428571429,3.625,3
"JPN2",43,1,2,4,3,3,3,4,3,4,3,1,3,3,3,3,4,3,3,4,3,3,4,3,3,3,3,3,4,5,5,5,5,5,5,5,2.8,3.14285714285714,3.25,3.28571428571429
"JPN2",36,2,2,3,4,2,2,4,4,4,3,4,2,3,4,4,4,4,3,4,4,4,4,2,2,4,4,2,4,4,3,5,4,3,5,5,2.8,3.57142857142857,3.75,3
"JPN2",28,2,2,3,4,4,2,2,5,4,2,2,5,3,3,2,4,4,4,2,4,5,3,4,4,4,5,2,5,2,2,2,2,6,5,7,2.6,2.71428571428571,4.625,3.42857142857143
"JPN2",39,2,3,3,3,3,3,3,3,3,3,3,4,3,3,3,3,3,3,3,4,4,3,3,3,3,3,3,4,4,4,4,4,4,4,4,3,3,3.5,3
"JPN2",35,2,3,4,4,4,2,2,4,4,2,3,4,3,4,4,4,5,4,4,4,4,5,3,3,4,2,4,4,2,2,3,4,5,5,7,3,3.42857142857143,3.75,4
"JPN2",44,1,2,4,4,4,2,2,4,4,2,2,3,3,4,3,4,4,4,4,3,3,4,4,4,4,2,3,4,5,5,5,5,5,5,5,2.8,3.28571428571429,3.375,3.71428571428571
"JPN2",28,2,2,3,4,4,2,2,5,5,2,3,5,3,3,3,3,4,4,2,5,5,3,4,3,4,5,3,5,2,1,3,2,6,4,7,2.6,3,4.625,3.57142857142857
"JPN2",28,2,2,3,4,2,2,3,4,4,2,3,3,4,3,3,4,4,3,3,4,4,3,3,2,4,2,3,4,4,5,3,5,5,6,5,2.4,3.14285714285714,3.625,3.14285714285714
"JPN2",21,2,1,4,4,2,1,1,5,3,1,4,5,5,2,4,3,4,5,5,5,2,4,4,4,4,3,1,5,6,6,7,4,6,7,5,2,3.71428571428571,4,3.28571428571429
"JPN2",32,2,2,4,3,4,3,4,4,4,2,4,4,2,4,4,4,5,4,4,4,4,4,4,4,4,4,3,4,5,6,6,6,3,5,3,3,4,3.875,3.71428571428571
"JPN2",41,2,3,4,2,3,3,1,3,4,3,2,1,1,3,3,2,5,3,2,1,4,4,4,4,4,2,3,3,2,3,5,4,5,6,5,3,2.85714285714286,2.25,3.42857142857143
"JPN2",45,2,3,4,3,2,2,4,2,3,4,4,4,2,4,4,3,3,4,4,3,5,3,2,3,4,4,2,2,2,2,2,3,5,4,6,3.4,3.71428571428571,3.25,2.57142857142857
"JPN2",33,1,2,4,2,3,3,3,5,4,4,2,4,3,4,4,4,5,3,4,4,5,2,3,4,4,4,2,4,4,6,5,4,5,5,6,3.2,3.42857142857143,4,3.28571428571429
"JPN2",41,1,4,3,4,2,3,2,5,2,2,3,4,1,4,4,5,4,4,4,4,3,2,3,3,4,3,2,5,5,5,5,4,3,5,5,3.4,3.28571428571429,4.125,2.28571428571429
"JPN2",47,2,2,3,4,4,2,2,5,4,2,2,5,2,2,3,4,4,4,2,4,2,3,2,3,4,3,4,2,3,3,4,5,5,5,5,2.4,2.57142857142857,3.625,3.42857142857143
"JPN2",43,1,3,4,4,4,3,4,4,4,3,4,4,4,3,4,4,4,4,4,4,4,4,4,4,4,3,4,4,5,4,4,4,5,6,5,3.2,4,3.875,4
"JPN2",44,2,2,4,3,2,2,2,4,2,2,3,2,4,2,2,4,2,3,2,4,4,4,4,2,4,3,4,2,3,4,2,3,4,5,4,2.2,3,3.25,2.85714285714286
"JPN2",23,1,3,4,3,2,2,2,4,3,2,3,4,3,4,3,4,4,3,3,4,3,3,3,3,4,2,2,4,5,5,5,5,3,5,4,2.8,3.14285714285714,3.5,2.85714285714286
"JPN2",61,1,4,4,4,4,4,4,2,4,4,4,5,3,2,4,2,5,4,4,2,4,4,4,4,4,4,3,2,3,5,5,5,3,5,5,3.6,4,3.125,3.85714285714286
"JPN2",50,2,3,3,3,3,2,3,4,3,3,3,3,2,3,3,3,3,3,2,3,3,3,2,3,3,3,2,3,4,3,4,3,5,5,4,2.8,2.71428571428571,3.125,2.71428571428571
"JPN2",50,2,1,4,2,1,2,2,4,5,1,2,5,4,2,4,4,2,5,2,5,5,2,4,3,4,2,2,5,7,7,5,6,1,7,7,2.2,3.14285714285714,4,2.71428571428571
"JPN2",30,1,2,3,3,3,3,3,4,3,2,3,4,3,4,3,4,4,3,3,4,3,4,4,3,4,3,3,4,4,4,5,4,4,5,5,2.8,3.28571428571429,3.625,3.28571428571429
"JPN2",52,2,3,4,4,2,3,2,5,3,3,4,4,2,3,3,4,5,5,3,4,4,3,4,4,4,3,4,4,5,5,5,4,5,4,4,3.4,3.42857142857143,4,3.28571428571429
"JPN2",29,2,1,4,4,2,2,1,5,2,2,2,5,2,5,4,5,4,4,4,5,5,4,4,2,3,4,1,5,2,3,5,2,5,5,5,2.8,3.14285714285714,4.75,2.42857142857143
"JPN2",45,2,4,3,4,4,3,4,4,4,2,4,3,4,4,4,4,4,4,3,3,2,4,5,4,5,3,4,4,6,6,5,5,5,6,6,3.4,4,3.375,4
"JPN2",54,2,3,3,3,3,3,3,3,3,3,3,4,4,4,3,3,3,4,3,3,4,3,3,3,3,4,3,3,4,5,4,4,5,4,4,3.4,3,3.375,3.14285714285714
"JPN2",22,2,2,4,4,2,3,3,5,3,2,1,5,3,4,3,5,3,3,4,5,5,3,4,3,4,5,4,4,5,5,4,3,3,5,4,2.8,3.28571428571429,4.75,3
"JPN2",45,2,2,3,4,3,3,2,5,3,2,2,4,2,4,2,4,4,4,4,2,4,4,3,2,3,4,2,2,4,4,4,5,3,4,5,3,2.71428571428571,3.625,2.85714285714286
"JPN2",40,1,1,3,4,2,2,3,5,4,1,4,4,1,2,4,4,4,1,3,2,5,2,4,4,4,5,4,5,5,5,4,5,2,2,1,1.4,3.57142857142857,4.25,3
"JPN2",21,2,3,4,3,4,3,2,5,4,2,2,5,4,5,3,5,4,3,4,4,5,3,4,2,5,4,4,4,6,7,5,6,7,6,7,3.2,3.42857142857143,4.375,3.57142857142857
"JPN2",30,2,3,3,4,3,4,1,4,1,3,4,4,3,5,4,4,3,5,5,4,4,2,4,4,4,4,2,4,3,5,5,5,6,5,5,4,3.57142857142857,4,2.57142857142857
"JPN2",18,1,1,4,5,5,1,1,5,5,3,4,5,5,4,3,5,3,5,5,5,5,4,5,2,5,5,4,5,7,7,1,6,5,7,6,2.8,3.85714285714286,5,4
"JPN2",41,2,3,3,4,3,3,3,4,4,3,2,4,4,4,3,4,5,4,3,4,4,4,3,4,3,4,4,4,6,6,5,5,6,6,5,3.4,2.85714285714286,4,4
"JPN2",45,2,3,3,4,3,1,1,5,4,3,2,4,4,4,2,5,3,4,5,4,5,3,2,2,4,4,3,5,2,1,2,1,6,6,6,3,2.71428571428571,4.5,3.14285714285714
"JPN2",53,1,2,2,2,2,2,2,4,3,2,2,2,3,4,2,4,4,2,2,4,2,2,2,2,3,2,2,2,5,5,3,3,3,4,4,2.4,2.14285714285714,2.75,2.57142857142857
"JPN2",19,2,2,2,2,4,2,1,3,4,2,2,2,4,2,2,4,5,2,2,4,2,4,3,4,3,2,4,2,2,2,5,3,3,6,6,2,2.14285714285714,2.625,4.14285714285714
"JPN2",48,2,1,2,4,2,5,2,5,5,2,2,5,5,5,3,4,4,4,2,4,4,4,2,4,2,4,2,2,1,3,5,5,2,7,4,3.4,2.14285714285714,4,3.71428571428571
"JPN2",28,2,2,3,4,3,1,2,5,4,2,2,4,4,4,4,5,5,5,3,4,5,5,4,4,5,3,4,4,3,2,7,2,5,7,7,2.8,3.28571428571429,4.25,4.14285714285714
"JPN2",30,2,3,3,3,3,3,3,3,3,3,3,3,3,4,3,4,4,3,3,3,4,3,4,4,4,3,2,4,4,4,5,4,4,4,3,3.2,3.28571428571429,3.375,3.14285714285714
"JPN2",44,1,2,4,3,4,2,4,5,5,2,2,4,3,5,4,4,5,2,4,4,3,4,4,5,4,3,2,4,6,6,6,6,4,5,4,2.6,3.71428571428571,3.75,4
"JPN2",38,1,3,3,3,4,2,3,4,3,3,3,4,3,3,3,4,5,3,3,5,3,3,3,5,3,4,4,5,4,5,4,4,5,6,6,2.8,3,4,3.85714285714286
"JPN2",39,2,3,2,4,2,3,3,5,4,2,4,5,4,2,4,2,5,5,4,3,4,4,4,4,4,3,3,5,6,5,4,4,5,6,5,3,3.57142857142857,3.875,3.71428571428571
"JPN2",37,2,2,4,4,4,2,4,3,5,2,1,4,4,4,3,3,5,4,4,2,4,4,2,4,4,2,5,2,2,3,5,4,5,6,3,2.8,3.14285714285714,3,4.42857142857143
"JPN2",61,2,1,1,3,1,2,1,4,3,3,1,4,1,1,3,4,5,1,1,3,1,3,2,3,2,1,1,4,3,3,1,1,4,7,6,1.6,1.57142857142857,3,2.42857142857143
"JPN2",27,2,1,3,3,1,2,3,4,4,1,3,3,2,1,3,3,5,3,3,3,2,3,3,4,1,1,2,4,4,5,2,3,4,6,4,1.6,2.71428571428571,2.875,3
"JPN2",41,2,2,3,4,2,3,3,4,3,2,4,4,3,4,4,4,3,3,2,4,4,3,4,4,3,4,4,3,3,3,6,4,5,6,3,2.8,3.28571428571429,3.875,3.14285714285714
"JPN2",30,2,4,4,4,3,3,4,5,3,3,3,4,3,5,4,4,3,5,2,3,5,4,4,3,4,5,2,4,5,6,6,6,5,5,5,4,3.57142857142857,4.25,3
"JPN2",48,2,3,4,3,3,3,3,4,4,3,4,4,3,4,3,3,4,4,4,4,4,3,4,4,4,3,3,4,6,6,5,6,4,5,5,3.4,3.71428571428571,3.625,3.42857142857143
"JPN2",54,1,4,3,4,2,2,2,3,2,1,2,4,3,4,4,2,3,1,2,2,3,3,3,2,4,2,2,3,4,4,3,3,4,4,4,2.4,2.85714285714286,2.875,2.42857142857143
"JPN2",54,1,2,1,4,3,3,2,4,3,2,3,4,3,4,2,4,3,3,5,4,3,4,3,2,4,3,2,4,3,3,3,5,5,5,5,2.8,2.85714285714286,3.75,2.85714285714286
"JPN2",32,2,4,2,3,2,4,1,5,2,4,3,4,2,5,4,4,4,3,2,2,4,3,4,4,5,4,3,4,3,3,4,5,6,5,3,4,3,3.75,2.85714285714286
"JPN2",39,2,2,2,3,3,2,2,3,3,2,2,3,3,4,3,4,3,4,2,3,3,4,2,3,2,2,3,4,4,2,2,2,5,6,6,2.8,2.14285714285714,3.125,3.14285714285714
"JPN2",39,2,2,2,4,3,2,2,5,3,2,2,5,4,4,3,5,4,1,2,4,2,3,1,3,3,2,2,5,2,3,2,3,5,5,5,2.2,2.14285714285714,4,3.14285714285714
"JPN2",38,2,4,4,4,3,2,3,3,4,3,3,3,4,2,4,4,4,4,4,2,4,3,3,3,4,4,4,4,4,3,4,4,5,5,5,3,3.57142857142857,3.5,3.57142857142857
"JPN2",48,2,3,2,3,3,3,3,5,4,3,2,4,3,3,2,3,5,4,3,4,4,4,2,4,3,3,3,4,4,3,2,5,5,6,6,3.2,2.42857142857143,3.75,3.71428571428571
"JPN2",34,2,2,3,3,2,2,3,4,4,2,3,4,2,3,3,3,4,3,3,4,3,4,3,3,3,3,3,3,3,4,4,4,5,4,4,2.4,3,3.375,3.14285714285714
"JPN2",64,1,4,5,4,2,3,2,5,4,4,1,4,3,4,2,4,4,4,4,3,4,4,4,3,4,3,3,4,5,4,4,6,6,6,6,3.8,3.14285714285714,3.875,3.28571428571429
"JPN2",45,1,1,3,5,1,2,1,4,2,1,1,4,1,4,2,3,1,3,2,3,5,3,4,2,1,3,2,4,5,4,1,2,3,4,5,2.2,2,3.875,1.71428571428571
"JPN2",35,2,5,4,4,3,4,2,5,4,4,5,5,3,4,3,5,5,4,3,4,5,3,4,3,4,4,4,5,2,4,5,3,4,4,5,4.2,3.57142857142857,4.625,3.57142857142857
"JPN2",34,2,3,4,2,1,2,2,4,5,3,3,5,2,3,3,4,5,4,3,4,4,2,4,4,3,3,2,4,4,2,4,6,2,3,4,3,3.14285714285714,3.75,3
"JPN2",37,2,2,2,4,4,2,2,4,3,2,3,4,1,2,4,3,2,4,3,4,3,5,3,3,5,2,2,5,2,2,1,2,4,4,5,2.4,3.14285714285714,3.625,2.85714285714286
"JPN2",60,1,2,2,3,3,3,2,3,3,3,4,3,3,3,2,3,4,2,4,3,4,2,4,4,4,3,4,3,2,3,5,3,3,5,5,2.6,3.14285714285714,3.125,3.28571428571429
"JPN2",42,1,4,2,4,4,3,1,4,5,4,3,3,3,4,4,4,5,4,2,4,5,2,4,5,4,4,5,3,7,5,6,7,2,6,5,3.8,2.85714285714286,3.875,4.14285714285714
"JPN2",56,1,1,3,3,1,2,2,3,3,1,2,4,1,2,3,3,4,3,2,3,3,3,2,2,3,2,2,3,3,4,4,4,2,4,4,1.8,2.42857142857143,3,2.28571428571429
"JPN2",52,1,3,4,3,3,3,3,3,4,4,3,4,4,4,3,3,5,3,3,3,4,3,3,3,4,3,4,3,3,4,4,3,4,5,5,3.4,3.28571428571429,3.25,3.71428571428571
"JPN2",26,2,4,4,4,2,4,2,4,4,4,4,3,2,3,2,3,4,4,3,4,4,2,4,4,4,4,4,4,3,3,5,5,4,4,5,3.8,3.28571428571429,3.75,3.14285714285714
"JPN2",35,2,3,4,5,4,5,3,5,3,4,5,5,3,4,4,5,4,4,5,2,5,4,5,3,5,5,4,5,5,5,5,5,5,6,7,4,4.42857142857143,4.625,3.57142857142857
"JPN2",55,2,2,2,3,2,2,1,5,3,2,2,5,2,3,3,5,4,3,3,5,3,2,2,3,2,3,2,5,4,4,5,5,5,4,4,2.4,2.14285714285714,4.25,2.57142857142857
"JPN2",53,2,4,4,4,4,2,2,4,3,4,3,3,4,4,4,4,5,4,4,3,4,3,3,4,4,4,4,3,5,5,4,4,5,5,5,3.6,3.42857142857143,3.625,3.85714285714286
"JPN2",33,2,3,3,2,3,3,4,4,3,2,2,3,3,3,3,5,3,3,3,3,3,2,3,3,5,5,4,2,5,4,6,4,4,5,4,2.8,3.28571428571429,3.375,3
"JPN2",68,1,2,3,2,2,2,2,2,2,2,2,2,3,2,3,3,2,2,2,2,2,2,2,3,2,2,3,2,3,3,2,3,3,5,4,2,2.28571428571429,2.125,2.42857142857143
"JPN2",39,2,3,2,4,2,2,3,4,2,2,2,4,2,2,2,4,5,2,4,4,4,3,3,4,4,4,3,4,5,5,4,5,3,5,4,2.2,2.85714285714286,4,3
"JPN2",40,2,1,3,4,2,2,2,5,3,1,1,5,4,4,2,5,5,1,2,5,3,4,4,5,1,2,4,5,5,5,3,5,6,6,5,1.8,2.14285714285714,4.25,3.85714285714286
"JPN2",46,1,2,4,4,3,3,1,4,4,2,3,5,2,3,2,4,4,3,2,5,3,3,4,3,4,3,3,5,3,4,4,4,4,5,4,2.6,2.85714285714286,4.125,3.14285714285714
"JPN2",40,2,2,3,4,2,2,2,4,4,3,2,4,3,4,3,4,5,4,3,4,4,3,3,4,2,3,2,4,2,2,3,4,4,6,5,3,2.57142857142857,3.875,3.28571428571429
"JPN2",33,2,2,2,4,3,3,2,4,3,4,2,4,3,4,4,3,3,2,4,2,4,2,4,3,4,2,4,4,6,5,3,3,5,2,3,3,3.14285714285714,3.375,3
"JPN2",42,1,2,4,3,2,2,3,3,4,3,3,2,4,2,4,4,5,4,4,4,4,5,3,4,3,3,3,4,5,5,6,3,6,7,7,2.6,3.42857142857143,3.375,3.85714285714286
"JPN2",34,1,4,4,3,4,4,3,5,4,4,4,4,3,4,4,4,4,4,5,4,4,5,4,3,4,5,1,5,2,5,3,4,5,6,6,4,4,4.25,3.42857142857143
"JPN2",80,1,4,2,2,3,4,2,4,4,2,3,3,4,4,3,3,5,1,3,2,5,3,4,4,4,3,4,4,5,6,5,6,4,4,6,3,3,3.25,3.85714285714286
"JPN2",47,1,2,2,4,2,2,2,4,1,2,4,4,3,3,4,4,1,4,2,4,4,3,3,1,3,4,2,4,3,5,4,3,5,5,5,2.6,2.85714285714286,4,1.85714285714286
"JPN2",38,2,2,2,3,3,3,3,4,4,2,3,3,4,4,3,4,4,4,3,4,4,3,2,4,3,4,4,4,3,4,4,3,3,5,5,3,2.71428571428571,3.75,3.71428571428571
"JPN2",53,2,3,4,2,2,3,1,2,1,3,4,1,2,3,5,2,2,4,3,2,3,2,5,2,5,2,2,2,5,5,2,5,2,3,4,3.2,3.85714285714286,2,1.85714285714286
"JPN2",56,1,1,3,3,3,3,1,5,3,1,3,5,3,3,3,5,5,1,2,5,3,5,3,4,3,1,3,5,1,1,1,1,7,7,7,1.8,2.57142857142857,4,3.71428571428571
"JPN2",40,1,2,2,4,2,3,1,5,2,2,2,4,2,4,2,4,2,4,2,4,3,1,4,1,4,3,4,4,3,4,5,3,5,6,3,3,2.42857142857143,3.875,2
"JPN2",53,2,3,4,2,1,4,1,4,1,3,4,2,3,3,5,2,1,3,3,2,2,1,5,2,5,2,2,3,6,5,2,4,2,3,3,3.2,3.85714285714286,2.375,1.57142857142857
"JPN2",30,2,3,4,3,2,4,4,5,5,3,4,5,4,4,3,5,5,4,2,5,4,4,4,5,4,4,4,5,6,6,6,6,6,6,6,3.6,3.57142857142857,4.5,4.14285714285714
"JPN2",44,2,2,3,2,2,2,2,4,4,2,2,2,3,2,2,2,5,2,5,2,4,1,2,2,4,2,2,4,6,6,7,6,4,5,2,2,2.85714285714286,2.75,2.71428571428571
"JPN2",50,1,2,4,4,1,2,2,4,3,2,2,2,1,3,4,4,4,4,2,2,4,2,2,4,2,2,2,4,3,5,5,5,4,6,6,2.6,2.57142857142857,3.25,2.42857142857143
"JPN2",47,1,4,2,4,3,4,1,5,4,4,2,4,1,4,3,5,4,3,4,5,3,4,3,3,4,4,2,5,5,5,5,5,2,5,6,3.8,2.71428571428571,4.375,3
"JPN2",55,1,2,3,4,2,2,2,4,2,3,3,4,2,3,4,4,2,4,3,4,4,2,4,2,3,4,2,4,4,5,5,5,3,5,3,2.8,3.14285714285714,4,2
"JPN2",45,1,4,2,2,4,4,3,4,3,4,3,3,4,2,4,4,5,2,3,4,3,3,4,3,4,4,4,4,5,5,3,6,7,6,4,3.2,3.28571428571429,3.5,3.71428571428571
"JPN2",40,1,2,4,3,3,3,2,4,4,3,4,4,2,4,3,4,4,4,2,3,5,4,4,3,3,4,2,5,5,6,5,5,3,4,4,3.2,3.14285714285714,4,3.14285714285714
"JPN2",40,2,3,4,4,4,3,4,4,4,3,3,4,4,4,3,4,5,4,3,4,4,4,3,4,4,4,4,4,5,5,5,5,5,5,5,3.4,3.42857142857143,4,4.14285714285714
"JPN2",50,2,3,4,4,3,3,3,5,4,2,3,5,2,4,4,3,4,4,2,5,4,3,3,3,4,4,4,5,5,5,4,6,5,6,5,3.2,3.28571428571429,4.375,3.28571428571429
"JPN2",29,1,2,4,5,2,4,2,4,5,2,3,4,5,2,2,5,4,2,2,4,4,5,4,4,4,4,2,5,6,5,2,4,6,6,6,2.4,3,4.375,3.85714285714286
"JPN2",40,2,2,2,4,1,2,2,4,2,2,1,2,2,4,2,4,4,4,2,4,2,2,4,2,4,2,2,4,3,5,3,5,3,5,2,2.8,2.42857142857143,3.25,2.14285714285714
"JPN2",21,2,2,2,3,3,1,3,2,1,3,2,3,3,3,3,4,3,2,4,2,4,3,4,2,5,4,2,3,5,6,2,3,4,6,7,2.2,3.28571428571429,3.125,2.42857142857143
"JPN2",46,2,1,4,5,4,5,2,5,5,4,5,5,5,5,4,5,5,4,4,4,5,4,4,4,4,5,4,5,2,3,5,6,6,7,6,3.8,3.85714285714286,4.875,4.42857142857143
"JPN2",49,1,3,3,5,2,5,2,5,4,3,5,4,5,5,4,4,5,4,2,4,4,3,5,5,5,4,4,4,1,1,2,6,6,6,5,4,3.71428571428571,4.25,4
"JPN2",51,1,3,3,3,3,3,3,3,4,4,3,3,2,3,3,4,4,4,2,3,4,5,3,4,3,4,3,3,4,4,4,4,3,4,4,3.4,2.85714285714286,3.375,3.57142857142857
"JPN2",33,2,3,4,2,2,3,1,5,3,3,5,5,2,2,5,5,5,4,4,4,4,3,5,4,5,3,4,4,6,3,3,5,4,2,4,3,4.14285714285714,4,3.28571428571429
"JPN2",48,2,1,2,3,2,1,1,4,4,1,2,4,3,3,3,3,5,4,3,3,4,2,3,4,2,2,4,4,3,2,2,2,2,5,5,2,2.28571428571429,3.375,3.42857142857143
"JPN2",42,2,1,3,3,3,3,3,5,5,2,2,4,3,4,3,4,5,2,3,3,3,3,4,4,5,4,3,4,5,5,3,5,4,6,6,2.4,3.28571428571429,3.75,3.71428571428571
"JPN2",31,1,1,2,2,4,2,4,5,2,1,3,4,4,3,4,4,2,1,2,4,4,4,3,2,3,4,3,4,4,4,6,6,3,6,4,1.6,3,3.875,3
"JPN2",44,2,2,3,2,3,1,2,4,3,1,2,5,1,4,4,4,4,4,2,3,4,3,4,2,4,3,2,4,2,5,1,1,3,6,6,2.4,3,3.625,2.57142857142857
"JPN2",48,2,3,4,4,3,5,1,4,4,2,4,2,2,4,2,3,4,3,4,2,4,4,4,3,4,2,2,4,3,4,6,5,4,5,4,3.4,3.28571428571429,3.125,3.14285714285714
"JPN2",26,1,2,2,4,4,2,2,4,3,2,2,4,2,3,3,4,5,2,2,4,5,4,3,4,3,4,3,4,3,5,5,5,3,3,3,2.2,2.42857142857143,4.125,3.57142857142857
"JPN2",55,2,1,3,4,1,2,2,5,1,1,3,5,3,3,3,4,3,3,3,3,3,3,3,3,3,3,4,5,2,4,4,4,4,4,4,2,2.85714285714286,4,2.57142857142857
"JPN2",46,1,2,4,4,3,4,3,5,3,4,4,4,2,5,4,4,4,4,2,4,4,2,4,4,5,4,2,4,6,5,3,6,4,5,5,3.8,3.71428571428571,4.125,2.85714285714286
"JPN2",33,2,5,4,4,2,4,1,2,3,5,2,2,4,2,4,2,5,5,3,2,4,3,4,4,4,2,4,3,6,6,6,5,5,5,5,4.2,3.14285714285714,2.625,3.57142857142857
"JPN2",40,1,1,3,2,3,2,1,4,3,1,2,4,3,2,1,4,3,1,3,3,3,4,2,3,3,2,3,4,1,1,1,1,5,7,7,1.4,2.14285714285714,3.25,3.14285714285714
"JPN2",50,1,3,3,3,2,2,3,3,4,3,2,4,3,4,3,4,5,3,2,2,4,3,4,4,3,2,4,3,4,5,5,5,5,5,5,3,2.85714285714286,3.125,3.57142857142857
"JPN2",19,1,4,3,4,1,3,3,3,5,3,3,3,3,3,3,3,1,4,2,4,5,1,3,3,5,3,3,3,4,6,4,4,3,5,5,3.4,3.14285714285714,3.5,2.42857142857143
"JPN2",29,2,2,4,4,2,2,2,2,5,2,4,4,2,4,4,4,4,3,3,2,5,3,4,5,5,4,2,3,7,6,5,5,3,6,4,2.6,3.71428571428571,3.5,3.28571428571429
"JPN2",28,2,2,2,3,2,2,2,4,4,2,2,4,4,2,3,3,4,4,3,3,4,3,3,3,4,3,3,4,5,4,4,4,4,6,6,2.4,2.71428571428571,3.5,3.28571428571429
"JPN2",26,2,1,4,4,1,2,2,5,2,1,4,5,2,4,3,4,3,4,4,4,4,2,4,2,4,4,1,4,5,5,3,3,4,5,5,2.4,3.57142857142857,4.25,1.85714285714286
"JPN2",47,2,3,3,3,2,4,3,4,4,3,3,4,4,3,4,4,4,4,4,2,4,2,3,4,4,3,2,4,3,5,3,2,2,6,5,3.4,3.42857142857143,3.5,3.14285714285714
"JPN2",30,1,3,4,4,3,2,2,3,3,3,2,3,3,3,3,4,3,3,3,2,3,4,4,3,3,2,2,3,4,4,5,5,4,5,6,2.8,3,3,3
"JPN2",47,2,2,2,3,3,2,2,3,4,2,2,2,3,2,4,3,4,3,2,3,3,2,4,4,4,2,3,3,3,5,4,5,4,5,3,2.2,2.85714285714286,2.75,3.28571428571429
"JPN2",54,2,3,4,2,2,4,2,4,5,3,3,3,2,2,2,4,5,3,2,2,4,2,5,4,3,2,2,3,5,5,1,2,3,4,3,3,3,3,3.14285714285714
"JPN2",50,1,4,3,4,2,3,3,4,4,3,3,4,3,4,3,4,4,2,3,4,4,3,4,4,3,4,3,4,5,6,5,6,4,5,4,3.2,3.14285714285714,4,3.28571428571429
"JPN2",45,2,1,2,3,2,2,1,5,5,5,2,5,1,5,4,5,5,4,4,5,5,1,3,4,4,5,1,5,4,6,4,5,6,6,4,3.4,2.85714285714286,4.75,2.71428571428571
"JPN2",42,3,3,3,4,4,2,3,4,2,2,3,4,2,2,3,4,4,4,2,3,4,3,4,3,4,3,4,4,2,2,5,5,4,5,6,2.6,3.14285714285714,3.75,3.14285714285714
"JPN2",40,2,2,3,4,3,2,3,4,4,3,3,4,4,4,3,4,4,3,4,4,3,4,3,3,3,3,3,4,3,2,3,5,5,5,5,2.8,3.14285714285714,3.75,3.57142857142857
"JPN2",21,1,3,2,3,4,4,2,4,4,2,2,3,4,4,3,5,2,3,4,3,3,3,2,3,4,3,3,1,7,5,6,5,5,5,6,3.2,2.71428571428571,3.125,3.28571428571429
"JPN2",48,2,2,3,3,3,2,3,4,3,3,2,3,3,3,4,4,3,3,3,3,3,4,3,4,4,3,3,4,4,4,5,3,4,5,4,2.6,3.14285714285714,3.375,3.28571428571429
"JPN2",34,1,3,3,3,4,4,3,3,2,2,2,2,3,3,3,3,4,2,3,2,3,4,3,3,3,2,4,3,4,4,5,4,4,5,4,2.8,2.85714285714286,2.625,3.42857142857143
"JPN2",28,2,3,4,3,5,1,3,3,4,2,4,4,4,3,3,4,2,4,4,3,4,5,4,3,4,4,1,2,7,4,1,4,4,4,5,2.6,3.71428571428571,3.375,3.42857142857143
"JPN2",36,2,2,4,4,2,2,2,4,4,3,4,4,2,5,3,4,4,4,2,4,3,4,4,5,3,4,1,3,1,2,4,2,5,6,6,3.2,3.14285714285714,3.75,3.14285714285714
"JPN2",28,2,3,2,3,3,2,1,4,3,2,2,4,3,4,3,4,4,4,3,3,4,4,4,4,4,4,3,4,4,4,5,4,5,4,5,3,2.71428571428571,3.75,3.42857142857143
"JPN2",50,2,4,3,4,4,4,2,5,4,3,4,4,4,4,4,2,4,4,2,4,3,4,2,4,4,4,4,4,5,3,3,5,6,5,5,3.8,3,3.75,4
"JPN2",31,2,2,2,5,1,3,2,5,4,1,4,4,1,1,4,5,5,4,1,5,5,2,4,4,5,5,1,5,3,5,2,5,2,2,4,2.2,3.14285714285714,4.875,2.57142857142857
"JPN2",28,2,2,4,3,2,2,2,4,3,3,3,4,4,4,3,4,4,4,2,4,4,4,2,3,4,3,2,4,5,5,4,4,5,5,5,3,2.85714285714286,3.75,3.14285714285714
"JPN2",46,2,3,3,4,1,3,1,4,3,3,3,3,2,5,4,3,5,4,3,3,4,2,2,4,3,3,3,4,6,6,5,7,4,3,5,3.6,2.71428571428571,3.5,2.85714285714286
"JPN2",48,1,2,2,3,2,2,3,5,2,1,2,4,3,2,2,4,4,4,3,4,3,4,4,3,4,2,4,5,1,1,1,3,5,5,6,2.2,2.85714285714286,3.75,3.14285714285714
"JPN2",42,2,2,2,3,3,3,3,2,4,3,3,3,3,2,4,3,3,3,3,3,4,4,3,3,3,2,3,2,3,4,4,3,3,3,5,2.6,3,2.75,3.28571428571429
"JPN2",32,2,2,3,3,2,1,2,4,4,2,1,5,5,2,3,5,5,3,2,5,3,5,2,1,3,4,1,5,3,2,2,2,4,6,5,2,2.28571428571429,4.25,3.28571428571429
"JPN2",37,2,2,3,3,1,4,3,4,3,2,2,4,3,3,4,4,4,3,3,3,5,2,3,3,3,3,2,4,2,5,3,2,4,4,4,2.8,3,3.75,2.57142857142857
"JPN2",41,2,3,4,4,3,2,2,2,4,3,3,2,2,3,4,3,3,4,3,3,4,4,2,4,4,3,3,3,4,4,3,3,5,5,5,3,3.14285714285714,3,3.28571428571429
"JPN2",40,2,2,3,3,3,2,2,5,3,3,2,5,4,3,4,4,5,2,2,4,4,4,3,4,4,4,3,4,5,5,5,6,5,6,4,2.4,2.85714285714286,4.125,3.71428571428571
"JPN2",40,1,2,3,2,2,3,2,4,2,2,1,5,2,2,3,4,3,2,3,4,4,4,3,4,3,4,2,4,4,4,3,5,5,5,4,2.2,2.57142857142857,3.875,2.71428571428571
"JPN2",45,2,2,2,2,3,2,2,2,3,2,2,2,3,3,4,2,4,4,2,2,2,4,3,4,3,2,3,2,3,2,2,2,4,5,5,2.6,2.57142857142857,2,3.42857142857143
"JPN2",45,1,2,3,3,2,2,2,3,3,2,2,3,3,3,4,3,4,2,3,3,4,2,3,3,4,3,3,3,4,5,5,5,4,5,5,2.2,3,3.125,2.85714285714286
"JPN2",30,2,3,3,3,3,3,2,4,4,3,4,4,2,4,3,4,5,3,4,2,4,4,4,4,4,3,2,4,5,5,5,5,3,5,5,3.2,3.42857142857143,3.5,3.42857142857143
"JPN2",58,1,2,2,3,2,4,2,5,4,2,2,5,3,4,2,4,5,4,2,4,4,3,3,4,3,4,4,5,4,3,2,2,3,5,5,3.2,2.28571428571429,4.25,3.57142857142857
"JPN2",31,2,2,3,4,2,1,2,3,2,1,3,2,3,2,3,4,2,3,3,4,4,2,2,3,4,1,2,2,3,2,3,5,5,6,6,1.8,2.85714285714286,3,2.28571428571429
"JPN2",49,2,3,2,4,3,4,2,5,4,3,4,4,3,4,3,4,4,4,3,2,4,5,4,3,4,4,2,4,2,3,5,5,6,5,6,3.6,3.14285714285714,3.875,3.42857142857143
"JPN2",44,2,3,4,4,1,4,2,3,1,5,4,4,1,3,4,5,5,5,4,4,5,3,5,2,4,4,1,4,4,7,6,7,5,4,7,4,3.85714285714286,4.125,2
"JPN2",42,2,3,2,4,1,4,1,5,3,1,4,5,1,3,4,5,3,4,2,4,4,1,3,2,4,5,3,3,6,5,5,5,3,4,3,3,2.85714285714286,4.375,2
"JPN2",55,2,1,2,2,2,4,2,4,2,2,2,4,2,4,2,3,3,4,2,2,2,2,2,4,4,2,2,5,4,3,4,5,2,5,5,3,2.28571428571429,3,2.42857142857143
"JPN2",28,2,4,4,4,4,2,5,2,5,4,4,4,2,4,4,5,5,4,1,4,5,4,5,4,5,4,2,2,6,6,3,6,3,5,5,3.6,4,3.75,3.71428571428571
"JPN2",58,1,2,3,3,4,3,2,3,2,2,3,3,2,4,3,4,2,4,1,3,5,2,1,2,4,3,2,4,5,3,4,5,5,4,4,3,2.42857142857143,3.5,2.28571428571429
"JPN2",31,2,2,2,2,4,3,2,4,5,2,2,4,2,4,3,4,5,3,3,4,3,4,4,5,3,2,2,4,5,5,3,2,5,5,6,2.8,2.71428571428571,3.375,3.85714285714286
"JPN2",29,2,1,4,1,4,5,3,5,5,4,2,2,5,5,4,1,5,4,5,3,5,5,1,2,5,5,5,5,1,3,1,2,5,7,5,3.8,3.42857142857143,3.375,4.42857142857143
"JPN2",53,2,1,3,2,1,3,1,4,5,1,1,4,3,1,1,4,4,3,1,2,3,2,4,2,4,2,3,4,1,1,1,2,2,5,5,1.8,2.14285714285714,3.125,2.85714285714286
"JPN2",30,2,4,4,2,2,5,2,5,2,2,4,5,1,5,2,5,4,4,1,5,5,1,4,4,5,5,2,5,2,6,6,7,5,5,2,4,3.14285714285714,4.625,2.28571428571429
"JPN2",45,2,2,2,3,2,4,3,5,4,1,1,5,4,4,4,4,5,4,4,4,4,4,1,4,4,2,4,4,2,4,4,5,5,7,7,3,2.71428571428571,3.875,3.85714285714286
"JPN2",23,2,1,5,5,2,3,2,5,2,1,3,5,3,4,3,5,2,3,5,5,4,5,5,3,4,4,3,5,4,4,5,5,5,6,5,2.4,3.85714285714286,4.75,2.85714285714286
"JPN2",28,2,4,4,4,3,3,2,4,3,4,4,4,1,4,2,4,3,4,2,4,4,2,5,2,4,4,3,5,4,5,6,4,5,5,5,3.8,3.28571428571429,4.125,2.42857142857143
"JPN2",43,1,3,4,4,2,4,1,5,4,4,4,5,4,5,4,4,4,4,4,4,4,4,5,4,4,5,4,5,5,4,5,4,5,5,5,4,3.71428571428571,4.5,3.71428571428571
"JPN2",39,2,2,4,5,4,5,1,5,4,4,2,5,4,5,1,5,4,5,5,5,2,4,5,3,5,3,2,5,2,6,1,5,6,5,5,4.2,3.28571428571429,4.375,3.57142857142857
"JPN2",43,2,3,4,2,4,1,1,4,5,2,2,5,4,2,2,3,5,4,4,4,4,4,4,2,4,1,2,3,2,2,5,5,3,6,6,2.4,3,3.25,3.71428571428571
"JPN2",40,1,1,1,3,1,1,2,5,5,1,1,5,1,2,1,5,4,1,1,1,4,3,1,5,1,3,3,5,1,4,4,2,3,7,7,1.2,1.14285714285714,3.875,3.14285714285714
"JPN2",45,2,4,4,3,2,4,1,5,4,4,4,5,1,4,3,4,4,1,2,4,2,3,4,1,4,4,2,4,4,1,1,6,3,3,1,3.4,3.14285714285714,3.875,2.42857142857143
"JPN2",48,2,2,4,3,2,2,2,4,3,2,3,2,4,4,4,3,3,3,4,2,4,3,3,3,3,3,4,3,5,4,5,5,5,5,5,2.6,3.28571428571429,3,3.14285714285714
"JPN2",34,1,2,3,3,3,2,2,4,4,2,2,4,3,4,3,4,4,2,2,3,3,3,3,4,4,2,3,4,4,4,4,3,5,5,5,2.4,2.71428571428571,3.375,3.42857142857143
"JPN2",53,1,2,2,4,3,2,2,5,3,2,2,4,4,2,2,4,3,3,3,4,2,4,2,3,2,2,3,4,5,6,4,5,5,5,3,2.2,2.14285714285714,3.625,3.28571428571429
"JPN2",46,2,2,3,4,3,3,3,4,4,3,3,4,3,4,4,3,4,3,2,3,4,3,4,3,4,3,2,4,4,5,4,4,5,5,5,3,3.28571428571429,3.625,3.14285714285714
"JPN2",33,2,2,2,4,2,3,2,4,3,2,3,4,3,4,4,4,4,3,2,4,4,2,4,3,4,3,2,4,3,3,5,5,3,5,4,2.8,3,3.875,2.71428571428571
"JPN2",24,2,2,3,4,2,3,2,4,3,3,3,4,2,4,5,5,2,3,4,4,4,1,3,2,4,4,2,4,3,7,4,3,5,4,4,3,3.42857142857143,4.125,2
"JPN2",62,2,3,4,3,2,3,2,3,3,3,4,3,3,3,3,3,4,4,2,4,4,2,4,4,4,4,3,2,3,3,5,3,5,5,6,3.2,3.28571428571429,3.25,3
"JPN2",42,1,1,3,3,3,1,1,4,4,1,3,4,3,1,4,3,5,2,2,3,4,4,4,4,3,2,3,5,2,4,5,4,6,5,6,1.2,2.85714285714286,3.5,3.71428571428571
"JPN2",29,2,3,4,2,3,3,2,5,3,3,3,4,2,4,3,4,5,4,2,4,4,4,3,3,4,3,2,5,4,5,5,4,5,6,6,3.4,3,3.875,3.14285714285714
"JPN2",40,1,3,2,2,2,3,2,4,3,3,2,4,3,3,3,3,4,2,3,3,4,4,2,4,3,4,3,4,3,3,3,4,4,5,5,2.8,2.42857142857143,3.5,3.28571428571429
"JPN2",42,2,2,4,4,4,4,1,5,2,2,4,5,2,5,4,5,4,4,2,4,4,1,4,2,4,2,2,5,5,5,5,5,3,6,5,3.4,3.28571428571429,4.25,2.42857142857143
"JPN2",64,1,2,3,3,3,2,2,3,4,3,3,3,3,3,4,4,3,3,2,3,4,5,4,3,4,3,2,3,3,5,4,5,5,5,5,2.6,3.14285714285714,3.25,3.28571428571429
"JPN2",39,2,2,3,3,1,2,2,5,4,2,3,5,4,3,3,5,4,2,3,5,3,4,3,3,4,3,3,5,3,4,5,4,6,6,5,2.2,3,4.25,3.28571428571429
"JPN2",44,1,3,4,4,3,3,2,5,4,3,3,4,3,2,4,4,5,4,4,4,4,4,4,3,4,3,3,4,5,6,5,5,5,6,6,3,3.57142857142857,4,3.57142857142857
"JPN2",35,2,3,4,4,3,4,3,3,3,3,3,4,3,3,3,4,4,4,3,3,3,3,4,3,4,3,4,2,4,3,2,4,5,4,4,3.4,3.42857142857143,3.25,3.28571428571429
"JPN2",28,1,4,3,4,2,4,4,4,4,3,2,3,4,3,4,4,5,5,2,2,4,4,4,3,4,4,5,4,3,5,3,5,5,5,4,3.8,3.28571428571429,3.625,3.85714285714286
"JPN2",37,1,5,4,4,3,4,4,4,5,4,4,4,2,4,4,5,5,4,4,4,5,3,5,4,5,4,2,5,6,6,6,6,3,3,4,4.2,4.28571428571429,4.375,3.42857142857143
"JPN2",56,2,3,3,3,1,3,4,5,4,3,3,4,3,4,3,5,5,4,1,5,4,5,3,4,3,4,1,5,1,4,2,4,6,6,6,3.4,2.85714285714286,4.375,3.28571428571429
"JPN2",53,1,2,3,3,3,2,2,4,4,2,3,4,3,2,3,4,3,3,2,4,4,4,4,3,3,3,3,4,3,3,3,3,6,5,6,2.2,2.85714285714286,3.75,3.28571428571429
"JPN2",27,2,4,4,3,3,3,5,4,4,3,4,4,4,4,4,4,4,5,3,4,5,3,5,2,5,5,3,4,5,5,5,5,3,6,6,3.8,4.28571428571429,4.125,3.28571428571429
"JPN2",40,2,3,3,4,2,3,2,5,3,3,4,5,4,3,2,4,4,4,2,4,4,2,4,4,4,3,3,5,5,5,5,5,4,6,3,3.2,3,4.25,3.14285714285714
"JPN2",42,1,4,4,4,1,4,2,5,4,4,4,5,4,5,4,5,5,4,4,5,5,4,4,5,4,4,2,4,6,6,6,6,5,6,6,4.2,3.71428571428571,4.625,3.57142857142857
"JPN2",29,1,3,4,5,3,4,4,3,4,3,2,3,2,4,4,5,3,3,3,4,2,2,3,2,3,4,2,5,3,3,5,4,3,4,4,3.4,3.28571428571429,3.875,2.57142857142857
"JPN2",36,2,2,4,3,1,2,4,4,4,2,3,4,4,2,4,4,5,4,2,4,4,4,4,4,4,2,2,4,3,5,2,6,6,6,6,2.4,3.57142857142857,3.625,3.42857142857143
"JPN2",35,1,2,2,2,4,2,2,2,2,2,2,2,5,2,3,2,4,4,2,2,3,4,4,3,2,2,3,2,3,3,6,5,6,5,5,2.4,2.42857142857143,2.125,3.57142857142857
"JPN2",18,2,3,4,5,3,3,2,5,4,3,4,5,3,3,3,4,3,3,3,5,5,1,4,3,5,3,4,4,7,7,5,4,3,6,6,3,3.57142857142857,4.5,3
"JPN2",46,1,2,3,2,4,2,2,3,4,2,2,3,4,2,3,4,4,3,2,3,3,4,2,3,4,4,3,4,4,5,4,3,5,5,2,2.2,2.57142857142857,3.25,3.71428571428571
"JPN2",42,2,3,4,3,3,2,3,2,4,4,3,2,3,2,4,3,4,4,2,2,4,5,3,4,4,3,2,2,5,5,4,4,5,6,5,3,3.28571428571429,2.625,3.57142857142857
"JPN2",40,2,2,2,4,2,2,2,4,4,2,4,4,2,5,4,3,5,2,4,4,4,3,4,4,5,2,2,4,3,3,4,3,5,5,6,2.6,3.57142857142857,3.625,3.14285714285714
"JPN2",42,2,3,4,3,2,1,1,3,3,3,3,3,3,4,4,4,4,3,3,4,4,3,4,4,4,3,4,3,3,4,3,5,6,5,5,2.8,3.28571428571429,3.375,3.28571428571429
"JPN2",30,2,2,4,4,2,1,1,5,2,2,4,4,5,2,3,5,5,4,3,5,4,5,4,3,4,4,5,4,6,5,5,6,4,6,7,2.2,3.28571428571429,4.375,3.85714285714286
"JPN2",43,1,2,2,2,3,2,3,3,4,1,2,2,3,2,3,3,5,2,3,3,3,4,4,4,4,2,3,3,4,4,6,5,5,5,5,1.8,3,2.625,3.71428571428571
"JPN2",35,2,2,1,1,2,3,3,3,5,2,1,3,3,1,1,3,4,5,4,1,4,5,1,2,3,1,4,2,5,5,1,5,4,3,2,2.6,2,2.25,3.57142857142857
"JPN2",35,1,1,3,4,3,1,3,2,4,2,2,2,3,3,3,4,4,4,4,2,4,3,3,4,4,2,4,2,3,2,5,3,3,6,5,2.2,3.14285714285714,2.75,3.57142857142857
"JPN2",34,2,3,4,3,3,3,3,4,5,4,4,4,4,4,3,5,5,5,4,3,4,5,4,5,4,4,4,4,5,5,5,5,5,5,5,3.8,3.71428571428571,3.875,4.42857142857143
"JPN2",58,2,1,3,2,2,1,1,4,4,1,3,4,3,2,4,2,4,4,2,2,2,4,3,3,1,1,3,2,2,3,1,3,4,6,7,1.8,2.42857142857143,2.375,3.28571428571429
"JPN2",52,1,2,3,4,1,3,2,5,3,3,2,5,2,5,2,5,2,4,3,5,5,2,3,2,3,5,1,5,2,2,2,5,5,3,5,3.4,2.57142857142857,4.875,1.85714285714286
"JPN2",31,2,2,3,3,4,2,2,3,4,2,2,2,3,2,4,2,3,4,3,2,3,3,2,4,4,2,4,3,2,3,5,4,6,6,4,2.4,2.85714285714286,2.5,3.57142857142857
"JPN2",62,2,4,3,3,3,3,3,4,4,4,4,4,4,4,4,4,3,4,4,4,4,4,4,4,4,4,4,4,4,5,6,5,6,6,6,3.8,3.71428571428571,3.875,3.71428571428571
"JPN2",34,1,4,4,4,2,2,3,3,4,4,4,4,3,4,4,4,4,4,2,4,3,3,4,4,4,4,4,3,6,4,3,3,5,5,6,3.6,3.57142857142857,3.625,3.42857142857143
"JPN2",31,2,2,3,5,3,1,1,5,4,4,1,4,4,1,2,5,5,4,2,4,4,3,1,2,4,3,3,4,2,5,5,5,4,7,6,2.4,2,4.25,3.42857142857143
"JPN2",23,2,1,3,4,2,3,3,5,5,4,3,4,4,4,3,4,5,3,3,4,4,5,4,3,5,3,4,4,4,4,5,5,7,7,7,3,3.42857142857143,4,4
"JPN2",31,2,2,4,4,2,4,2,5,4,2,3,4,4,3,4,4,4,4,2,4,5,4,5,3,5,4,4,5,7,3,7,3,6,5,5,3,3.57142857142857,4.375,3.57142857142857
"JPN2",44,2,2,4,4,4,1,1,4,4,1,3,5,2,4,3,4,4,3,2,4,4,3,4,4,4,4,2,4,4,5,4,5,4,7,6,2.2,3,4.125,3.28571428571429
"JPN2",53,2,4,4,3,3,3,3,4,4,4,4,4,4,3,3,4,4,4,3,4,4,4,4,4,4,3,4,4,5,5,5,5,3,5,5,3.6,3.57142857142857,3.75,3.85714285714286
"JPN2",46,2,2,4,4,4,2,2,5,4,2,4,5,4,4,4,4,5,2,3,4,4,4,2,4,4,3,2,4,5,5,5,3,5,5,5,2.4,3.28571428571429,4.125,3.85714285714286
"JPN2",49,2,1,2,3,2,3,2,3,3,2,4,3,2,4,4,4,4,2,3,3,4,3,4,4,4,2,2,2,5,5,5,5,5,5,4,2.4,3.28571428571429,3,2.85714285714286
"JPN2",43,2,1,3,4,2,2,1,4,3,1,1,4,3,3,4,4,4,4,3,4,4,3,2,3,4,2,3,4,5,4,3,4,5,5,4,2.2,2.57142857142857,3.75,3
"JPN2",45,2,3,3,1,2,3,3,4,4,3,2,4,1,3,3,4,4,4,2,4,3,4,3,4,3,2,3,4,4,3,4,5,5,4,4,3.2,2.71428571428571,3.25,3.14285714285714
"JPN2",26,2,2,4,2,2,2,2,4,4,2,2,4,2,2,4,4,3,2,2,4,2,2,2,4,4,2,4,4,6,6,3,5,3,5,4,2,2.85714285714286,3.25,3
"JPN2",34,2,4,3,3,4,4,2,5,4,4,4,5,4,2,4,5,5,4,4,4,5,4,3,4,5,4,3,5,5,6,2,6,5,6,5,3.6,3.57142857142857,4.5,4
"JPN2",23,2,2,4,3,3,3,1,5,2,2,1,5,4,2,2,5,5,4,3,5,3,5,2,4,2,3,3,5,2,2,3,2,7,7,6,2.6,2.14285714285714,4.25,3.71428571428571
"JPN2",55,2,1,2,3,1,1,1,4,3,1,1,2,3,3,1,4,4,3,2,2,4,3,1,4,4,3,3,4,2,2,1,2,3,4,6,1.8,1.71428571428571,3.25,3
"JPN2",36,2,4,4,3,1,4,4,2,5,4,3,5,1,2,4,5,4,4,3,1,5,1,3,2,4,5,2,5,1,3,7,7,1,5,5,3.6,3.57142857142857,3.875,2.28571428571429
"JPN2",35,1,2,2,3,2,2,4,2,2,2,2,2,4,3,3,4,3,4,3,4,4,4,2,4,4,2,4,4,5,3,2,3,4,5,5,2.6,2.85714285714286,3.125,3.28571428571429
"JPN2",36,2,2,4,4,3,2,2,4,2,2,4,4,1,2,4,4,3,2,2,3,3,2,4,3,4,2,1,4,4,3,6,5,5,5,5,2,3.42857142857143,3.5,2.14285714285714
"JPN2",35,2,2,3,4,2,2,1,4,5,2,1,5,1,2,2,5,5,4,2,4,4,5,2,2,3,2,1,4,2,5,5,6,5,6,5,2.4,2,4,3
"JPN2",37,2,3,4,3,2,3,3,5,4,3,4,4,3,4,3,5,3,3,4,4,5,3,4,3,3,4,3,5,6,7,5,5,5,5,4,3.2,3.57142857142857,4.375,3
"JPN2",63,1,3,3,3,2,3,2,5,4,3,3,4,4,3,2,5,4,3,3,2,4,5,4,3,3,1,1,4,3,2,4,2,5,6,6,3,2.85714285714286,3.5,3.28571428571429
"JPN2",52,2,4,1,4,4,4,1,4,3,4,2,4,3,4,4,4,3,3,4,4,4,4,4,4,4,4,4,4,5,6,5,5,5,5,4,3.8,2.85714285714286,4,3.57142857142857
"JPN2",53,2,2,4,3,3,2,3,4,4,3,4,4,4,3,3,4,4,4,3,4,4,5,4,3,4,3,4,4,4,5,5,5,5,5,5,2.8,3.57142857142857,3.75,3.85714285714286
"JPN2",24,2,2,4,5,2,4,2,5,3,2,2,4,2,4,4,4,5,4,4,4,5,2,1,2,4,4,1,4,4,5,5,6,2,3,2,3.2,3,4.375,2.42857142857143
"JPN2",35,1,5,5,4,2,5,4,5,2,5,5,5,2,4,4,5,2,2,4,5,5,3,5,3,5,4,2,5,3,3,4,3,5,4,5,4.2,4.57142857142857,4.75,2.28571428571429
"JPN2",38,2,2,2,4,1,2,4,5,4,2,2,4,4,4,2,4,4,4,2,2,4,4,4,4,4,2,1,4,6,5,5,7,6,6,7,2.8,2.85714285714286,3.625,3.14285714285714
"JPN2",42,2,2,3,4,2,3,2,5,4,3,3,5,2,4,3,5,4,4,3,5,4,4,4,3,4,4,2,5,3,2,5,3,5,6,5,3.2,3.14285714285714,4.625,3
"JPN2",26,2,2,4,4,2,2,2,4,3,3,3,4,4,3,3,5,2,4,4,4,4,2,3,2,4,3,4,4,4,5,5,5,5,5,6,2.8,3.28571428571429,4,2.71428571428571
"JPN2",26,1,3,3,3,3,3,3,4,3,3,3,4,3,4,3,4,4,3,3,4,4,5,3,3,3,4,4,4,3,3,4,3,5,5,5,3.2,3,3.875,3.57142857142857
"JPN2",30,2,2,4,5,2,2,2,4,4,2,3,4,2,4,2,4,4,4,3,3,4,3,5,3,4,3,3,4,6,4,7,7,5,6,5,2.8,3.28571428571429,3.875,3
"JPN2",48,1,2,4,4,3,2,2,4,4,2,3,4,4,4,3,4,4,3,4,4,4,4,3,4,2,3,4,4,2,2,4,5,4,6,6,2.6,3,3.875,3.85714285714286
"JPN2",31,2,3,3,3,2,4,3,4,3,3,4,3,2,4,3,3,2,3,3,4,3,3,3,3,4,4,4,4,5,4,5,4,4,4,4,3.4,3.28571428571429,3.5,2.71428571428571
"JPN2",37,2,1,3,3,3,2,2,4,4,1,2,4,3,4,4,4,5,2,2,4,3,3,4,4,4,3,2,4,3,5,4,4,4,5,4,2,3,3.625,3.42857142857143
"JPN2",32,2,3,2,3,2,4,1,4,4,4,3,4,3,3,3,4,4,4,3,2,4,3,4,3,3,2,4,4,5,6,5,2,5,6,6,3.6,2.71428571428571,3.375,3.28571428571429
"JPN2",38,2,5,4,4,1,4,2,2,2,5,4,4,3,5,2,4,2,2,2,2,3,3,2,2,2,3,2,2,3,4,3,6,3,4,2,4.2,2.57142857142857,3,2.14285714285714
"JPN2",34,1,2,2,3,3,2,2,4,4,2,2,4,2,2,3,4,4,3,2,4,4,3,2,4,2,2,3,4,3,3,4,4,4,5,4,2.2,2.14285714285714,3.625,3.28571428571429
"JPN2",23,2,3,3,3,3,2,3,4,4,2,2,4,4,2,3,4,4,3,3,4,3,3,3,4,3,3,4,4,4,4,4,3,4,5,4,2.4,2.85714285714286,3.625,3.71428571428571
"JPN2",46,2,1,2,2,3,2,1,5,3,1,1,1,4,3,4,4,4,1,3,3,2,3,3,4,4,4,2,5,1,2,1,3,2,4,5,1.6,2.57142857142857,3.25,3.28571428571429
"JPN2",47,1,1,3,4,4,2,1,5,4,1,4,4,3,1,4,4,3,4,4,4,4,4,4,3,3,3,3,4,4,4,4,3,5,6,7,1.8,3.28571428571429,4,3.42857142857143
"JPN2",32,2,4,4,4,2,4,2,5,4,4,4,5,3,4,3,4,4,4,4,4,5,3,4,3,4,5,1,5,2,3,1,5,5,5,5,4,3.57142857142857,4.625,2.85714285714286
"JPN2",48,1,3,3,3,2,2,2,3,4,3,3,4,4,3,2,4,4,4,3,4,4,4,4,3,4,4,3,3,4,4,1,3,3,6,5,3,3,3.625,3.42857142857143
"JPN2",56,1,4,2,2,2,4,2,3,4,3,4,2,2,4,4,3,4,3,4,2,3,3,3,3,4,3,2,2,4,4,2,4,4,5,3,3.6,3.28571428571429,2.5,2.85714285714286
"JPN2",31,2,1,3,5,1,2,5,5,5,1,3,5,1,5,2,5,3,1,2,5,5,1,4,5,5,5,5,5,1,7,4,7,1,4,1,2,3.42857142857143,5,3
"JPN2",30,1,3,4,4,2,3,1,4,4,4,4,4,3,4,2,4,4,4,2,3,3,3,4,3,3,3,4,4,2,3,2,4,3,5,5,3.6,2.85714285714286,3.625,3.28571428571429
"JPN2",33,2,2,2,2,3,2,4,4,2,2,4,3,4,4,4,4,3,5,4,3,5,2,2,2,5,3,4,2,5,5,2,6,6,5,6,3,3.57142857142857,3.25,2.85714285714286
"JPN2",36,2,2,2,2,3,2,2,4,4,2,2,4,2,3,4,4,4,2,2,4,3,3,5,4,4,3,4,4,4,5,6,5,2,4,5,2.2,3,3.5,3.42857142857143
"JPN2",52,2,5,2,4,3,5,2,5,4,5,3,5,3,4,3,5,5,4,4,5,5,5,2,4,5,5,4,5,5,3,2,4,5,6,5,4.6,3,4.875,4
"JPN2",50,1,2,2,3,3,3,2,3,4,2,2,3,4,4,3,4,4,4,4,3,3,4,3,4,3,3,3,4,3,4,3,5,4,5,5,3,2.71428571428571,3.25,3.71428571428571
"JPN2",30,1,1,4,4,3,2,2,5,5,2,3,4,4,4,5,4,5,4,3,4,5,3,5,5,5,3,5,4,2,3,4,7,6,5,5,2.6,3.85714285714286,4.125,4.28571428571429
"JPN2",22,2,2,4,4,1,4,1,5,2,4,4,4,1,5,4,4,2,4,4,2,4,1,4,2,5,2,4,4,5,5,5,6,3,3,2,3.8,3.71428571428571,3.625,1.85714285714286
"JPN2",20,2,4,5,4,2,4,2,1,2,4,4,1,2,4,4,4,5,4,5,1,4,2,4,4,4,4,4,1,4,6,5,1,6,5,5,4,4,2.5,3
"JPN2",36,2,1,4,4,3,1,2,5,4,1,2,4,2,3,3,4,4,1,2,4,3,3,3,4,4,3,2,5,3,4,2,4,4,5,5,1.4,2.85714285714286,4,3.14285714285714
"JPN2",27,2,4,3,4,3,5,2,4,2,3,2,5,1,3,2,5,3,4,2,4,5,1,2,3,4,5,1,5,2,3,4,5,3,4,2,3.8,2.42857142857143,4.625,2
"JPN2",32,2,3,4,4,2,2,3,5,5,4,2,5,4,4,3,5,5,4,2,4,4,4,4,5,4,4,2,5,5,2,3,2,6,5,6,3.4,3.14285714285714,4.5,3.85714285714286
"JPN2",45,1,1,4,3,3,2,4,5,4,1,1,3,2,3,4,4,4,3,3,4,3,4,4,4,4,2,2,4,4,4,4,6,4,4,6,2,3.42857142857143,3.5,3.28571428571429
"JPN2",31,1,1,2,4,1,2,1,2,1,1,2,2,2,2,4,2,4,2,2,1,4,2,2,2,4,2,2,4,5,6,5,5,3,5,5,1.6,2.42857142857143,2.625,2
"JPN2",43,2,1,3,3,2,1,2,5,4,1,4,5,2,3,5,4,5,2,4,3,4,5,4,3,4,4,2,5,2,3,2,3,5,5,6,1.6,3.71428571428571,4.125,3.28571428571429
"JPN2",32,2,4,3,4,3,2,3,5,4,4,3,4,3,4,3,4,4,3,4,4,5,3,4,4,4,4,3,4,4,4,5,4,5,4,5,3.4,3.42857142857143,4.25,3.42857142857143
"JPN2",24,1,4,1,3,2,3,2,4,4,3,3,2,4,1,3,3,3,3,3,2,4,4,3,3,1,1,3,2,5,4,6,4,3,2,4,2.8,2.28571428571429,2.625,3.28571428571429
"JPN2",45,2,3,4,3,2,3,3,4,4,3,3,3,2,2,3,4,4,3,2,3,4,2,4,4,5,4,4,4,5,5,5,5,4,5,5,2.8,3.42857142857143,3.625,3.14285714285714
"JPN2",34,1,1,4,4,3,2,2,4,4,1,2,4,1,4,3,4,4,2,4,4,4,4,3,4,4,4,3,4,5,4,5,5,3,4,3,2,3.14285714285714,4,3.28571428571429
"JPN2",36,2,5,5,4,1,5,2,5,3,5,5,5,1,5,3,5,3,1,4,5,5,3,5,3,5,5,2,5,4,4,5,5,4,2,3,4.2,4.14285714285714,4.875,2.28571428571429
"JPN2",41,1,3,3,4,4,2,2,5,4,2,2,5,3,4,3,5,4,4,4,5,5,4,4,4,4,5,4,5,5,5,2,2,5,5,5,3,3.14285714285714,4.875,3.85714285714286
"JPN2",34,2,4,3,2,2,2,2,4,4,4,4,5,4,4,2,4,5,4,2,4,4,3,4,4,5,4,3,4,5,3,5,5,5,5,5,3.6,3.14285714285714,3.875,3.57142857142857
"JPN2",49,1,1,1,4,2,2,2,4,4,1,1,5,3,2,2,5,4,2,2,4,3,2,1,4,2,2,2,5,3,3,3,3,4,5,5,1.6,1.57142857142857,4,3
"JPN2",44,2,2,4,3,2,3,2,3,3,2,3,4,3,3,2,2,3,2,3,2,3,2,4,3,3,3,3,3,5,5,5,5,4,4,4,2.4,3,2.875,2.71428571428571
"JPN2",54,2,3,2,3,3,3,3,5,4,3,3,5,3,3,3,5,5,3,3,4,3,5,3,4,2,3,3,5,5,5,4,6,4,4,3,3,2.71428571428571,4.125,3.85714285714286
"JPN2",55,2,2,4,4,2,2,2,4,4,4,4,2,4,4,4,4,5,4,4,4,4,2,4,4,5,4,4,5,5,5,5,5,6,5,5,3.2,3.85714285714286,3.875,3.57142857142857
"JPN2",35,2,4,2,4,2,2,1,5,4,4,2,4,5,4,3,4,4,4,2,5,4,5,2,4,4,4,5,4,5,2,2,5,3,7,6,3.6,2.28571428571429,4.25,4.14285714285714
"JPN2",37,1,3,2,3,3,3,2,4,3,4,4,4,3,3,4,4,5,4,3,3,4,4,3,3,4,4,2,3,2,2,2,4,4,6,4,3.4,3.14285714285714,3.625,3.28571428571429
"JPN2",45,1,1,3,4,1,5,3,5,4,3,3,5,1,5,3,5,1,3,3,5,4,4,4,3,4,4,3,5,6,7,5,7,1,5,1,3.4,3.28571428571429,4.625,2.42857142857143
"JPN2",28,2,4,4,3,3,3,4,4,3,4,4,3,3,4,4,3,3,5,4,3,4,4,4,2,4,4,3,3,1,1,1,1,4,6,5,4,4,3.375,3
"JPN2",31,2,2,3,3,3,3,3,3,4,2,3,3,3,3,3,4,4,3,3,3,4,2,4,3,4,3,3,4,4,4,4,5,3,4,4,2.6,3.28571428571429,3.375,3.14285714285714
"JPN2",27,2,2,4,5,1,2,2,5,3,1,2,4,2,4,3,4,2,4,2,3,4,2,4,2,4,5,1,4,5,5,6,7,2,2,3,2.6,3,4.25,1.85714285714286
"JPN2",26,1,2,2,2,3,3,2,5,3,2,1,4,3,3,3,3,4,2,4,4,4,3,4,4,3,4,3,4,4,4,5,5,4,5,4,2.4,2.71428571428571,3.75,3.28571428571429
"JPN2",52,1,2,3,3,3,3,1,4,5,2,4,4,2,3,3,5,5,3,4,4,3,4,4,4,4,2,3,4,4,4,5,3,4,6,5,2.6,3.28571428571429,3.625,3.71428571428571
"JPN2",44,2,2,3,4,4,2,3,5,4,3,3,4,3,5,3,4,4,4,4,4,3,4,3,3,4,4,4,4,5,5,3,2,5,6,6,3.2,3.28571428571429,4,3.71428571428571
"JPN2",29,2,4,4,3,3,4,2,4,4,4,2,4,2,4,4,4,4,2,3,4,4,4,4,4,5,4,4,5,6,5,6,5,4,3,4,3.6,3.42857142857143,4,3.57142857142857
"JPN2",30,2,2,2,3,2,2,2,5,3,3,2,4,3,3,4,5,5,3,2,4,4,5,2,3,2,2,2,4,3,3,5,6,6,5,6,2.6,2.28571428571429,3.875,3.28571428571429
"JPN2",37,3,2,3,4,2,2,3,5,4,2,2,4,3,4,3,4,3,4,2,4,4,4,4,5,2,4,3,5,4,4,5,4,4,6,6,2.8,2.71428571428571,4.25,3.42857142857143
"JPN2",25,2,2,2,5,3,2,1,5,4,2,2,5,3,4,2,5,3,4,4,5,4,2,5,2,5,4,3,5,6,6,7,7,5,5,5,2.8,3,4.75,2.85714285714286
"JPN2",56,1,1,4,2,2,1,1,5,3,2,2,4,4,5,3,5,4,2,5,4,4,4,4,5,3,2,2,5,4,5,5,6,4,6,6,2.2,3.14285714285714,3.875,3.42857142857143
"JPN2",26,2,3,3,4,2,2,2,4,2,2,2,5,1,2,4,4,4,3,4,4,4,4,3,4,5,2,2,5,2,5,3,4,5,5,5,2.4,3.28571428571429,4,2.71428571428571
"JPN2",64,1,5,2,4,5,4,1,5,5,5,1,5,1,4,1,4,5,5,5,5,5,3,3,1,3,4,3,5,4,4,5,5,2,3,3,4.6,2.28571428571429,4.625,3.28571428571429
"JPN2",45,2,1,3,3,2,1,1,5,4,1,2,4,1,2,2,4,4,2,3,4,4,3,4,4,3,3,1,4,3,3,3,5,3,4,6,1.4,2.57142857142857,3.875,2.71428571428571
"JPN2",31,2,2,4,2,3,2,2,2,4,2,2,2,3,2,4,2,4,2,3,2,3,4,3,3,4,2,4,2,3,4,3,3,5,5,5,2,3.14285714285714,2.125,3.57142857142857
"JPN2",44,1,2,2,2,2,3,1,4,4,1,1,3,3,5,3,4,5,2,1,4,3,4,2,4,2,3,4,4,5,5,3,4,5,6,6,2.6,1.71428571428571,3.375,3.71428571428571
"JPN2",48,2,2,3,3,3,4,3,4,3,2,3,4,4,3,3,4,4,4,4,3,4,3,3,4,3,3,3,4,4,5,3,4,5,5,5,3,3.14285714285714,3.625,3.42857142857143
"JPN2",44,1,2,2,4,2,5,3,4,3,2,1,4,2,2,4,5,3,4,3,4,3,2,3,2,3,2,3,3,5,5,2,6,2,5,5,3,2.71428571428571,3.625,2.42857142857143
"JPN2",42,2,4,3,3,4,4,3,4,4,4,3,4,2,4,3,4,4,3,4,4,3,4,4,4,5,4,4,4,2,2,4,4,4,5,4,3.8,3.57142857142857,3.75,3.71428571428571
"JPN2",37,1,2,2,2,4,3,2,4,3,2,2,4,3,3,3,4,4,2,2,4,3,5,2,4,3,2,3,4,3,2,2,3,5,6,5,2.4,2.28571428571429,3.375,3.71428571428571
"JPN2",31,1,2,3,3,2,3,2,3,4,3,4,4,3,3,4,4,5,3,3,4,4,4,4,4,4,3,3,5,2,4,5,4,5,5,4,2.8,3.42857142857143,3.75,3.57142857142857
"JPN2",28,1,3,3,4,2,2,2,4,4,3,4,4,4,4,3,4,4,4,5,2,5,5,4,4,4,4,2,5,6,5,3,4,3,5,6,3.2,3.57142857142857,4,3.57142857142857
"JPN2",35,2,3,4,4,2,3,1,5,4,4,3,5,2,4,3,4,4,4,2,4,4,4,4,4,3,3,4,5,5,5,5,5,4,4,6,3.6,2.85714285714286,4.25,3.42857142857143
"JPN2",30,2,1,3,3,2,4,1,4,5,2,4,5,1,5,3,4,5,2,4,4,4,4,4,3,4,3,2,4,3,4,5,5,5,4,4,2.8,3.28571428571429,3.875,3.14285714285714
"JPN2",40,1,2,3,3,2,1,2,4,5,2,3,2,4,3,3,4,5,4,2,2,3,3,4,4,4,2,4,4,2,3,4,3,5,6,6,2.4,3,3,3.85714285714286
"JPN2",39,2,2,2,3,2,2,1,4,3,2,3,4,3,4,3,4,3,3,3,4,2,2,3,3,3,2,3,4,3,2,3,2,4,5,4,2.6,2.57142857142857,3.375,2.71428571428571
"JPN2",43,1,3,3,4,2,3,2,5,3,3,2,2,2,4,3,4,3,4,3,4,3,2,3,3,3,4,3,4,5,5,4,4,4,4,4,3.4,2.71428571428571,3.75,2.57142857142857
"JPN2",48,1,2,3,3,4,3,1,4,5,1,2,3,1,3,1,4,5,3,3,4,3,5,3,5,3,2,5,4,1,2,2,3,4,6,5,2.4,2.28571428571429,3.375,4.28571428571429
"JPN2",45,1,3,4,3,3,3,1,4,4,3,3,5,2,4,3,5,4,4,3,5,5,3,4,4,4,4,1,4,4,6,5,5,2,5,4,3.4,3.14285714285714,4.375,3
"JPN2",32,2,3,4,4,4,3,2,4,4,3,2,4,3,4,3,3,4,4,4,4,4,3,3,3,3,4,4,4,4,3,5,4,5,5,5,3.4,3,3.875,3.57142857142857
"JPN2",37,2,3,3,2,2,3,1,4,4,3,3,3,2,4,2,5,5,4,3,4,4,5,4,3,3,3,2,4,2,4,4,5,4,4,5,3.4,2.71428571428571,3.625,3.28571428571429
"JPN2",60,1,4,4,4,3,1,4,5,5,4,4,5,5,3,3,5,4,5,2,5,4,5,4,4,4,3,2,5,5,5,2,4,5,6,3,3.4,3.57142857142857,4.5,4
"JPN2",38,2,2,4,4,3,2,2,3,4,2,4,2,4,2,4,3,4,3,3,3,3,3,2,3,4,2,3,3,4,5,4,3,4,6,5,2.2,3.28571428571429,2.875,3.42857142857143
"JPN2",29,2,4,4,3,2,5,2,5,4,4,2,4,2,4,3,5,5,4,2,5,5,4,3,4,2,5,4,5,5,7,4,5,5,3,4,4.2,2.57142857142857,4.625,3.57142857142857
"JPN2",29,2,4,4,5,3,3,3,4,2,4,4,5,1,4,3,5,3,5,5,4,5,2,3,3,4,4,3,5,6,6,3,7,3,6,5,4,3.71428571428571,4.625,2.42857142857143
"JPN2",44,2,2,3,4,2,2,2,4,3,3,2,3,3,4,4,3,4,5,3,3,3,3,3,4,2,3,3,2,2,2,2,5,6,6,6,3.2,2.71428571428571,3.125,3.14285714285714
"JPN2",43,1,1,2,4,4,1,3,5,4,1,1,5,5,2,3,4,5,2,3,4,3,4,4,5,4,3,5,5,1,1,4,1,6,7,6,1.4,2.85714285714286,4.125,4.57142857142857
"JPN2",33,2,3,3,4,2,3,2,4,3,3,2,4,4,3,4,4,4,4,2,4,2,4,2,3,4,3,2,4,5,5,4,4,5,5,5,3.2,2.71428571428571,3.625,3.14285714285714
"JPN2",32,2,3,3,3,4,3,3,4,5,3,2,4,2,3,3,4,5,3,3,4,4,4,3,4,4,4,3,4,4,4,4,4,5,5,4,3,3,3.875,3.85714285714286
"JPN2",43,2,3,3,3,4,3,2,4,4,3,3,4,3,4,4,4,4,4,3,4,4,4,3,4,3,3,4,4,5,5,5,6,4,6,6,3.4,3,3.75,3.85714285714286
"JPN2",35,2,2,2,4,2,2,2,4,4,2,4,4,4,4,1,4,3,4,3,2,4,2,4,4,4,4,2,4,3,5,5,3,5,5,5,2.8,2.85714285714286,3.75,3
"JPN2",27,2,1,1,4,3,2,1,5,3,1,2,4,1,2,2,4,3,2,2,4,2,4,1,3,2,2,2,5,2,2,2,2,5,4,6,1.6,1.57142857142857,3.75,2.71428571428571
"JPN2",49,1,2,3,4,2,3,2,4,3,3,4,4,2,4,4,4,5,3,4,3,3,3,4,3,4,3,4,4,4,5,5,4,3,5,5,3,3.57142857142857,3.625,3.14285714285714
"JPN2",64,1,2,2,4,3,2,2,4,4,3,4,2,4,2,2,4,4,2,4,4,4,2,4,4,2,3,5,4,2,2,4,3,5,6,6,2.2,2.85714285714286,3.625,3.71428571428571
"JPN2",50,1,3,3,4,2,4,2,5,5,4,3,5,3,4,4,5,4,3,4,5,4,3,5,3,5,4,2,5,4,5,5,5,3,6,3,3.6,3.71428571428571,4.625,3.14285714285714
"JPN2",21,2,2,3,2,2,2,2,3,4,2,2,2,3,2,2,4,4,2,2,3,3,3,2,3,3,3,2,4,4,3,3,3,4,4,5,2,2.28571428571429,3,3
"JPN2",60,1,3,4,2,3,4,3,5,4,3,3,5,3,4,4,5,4,4,2,5,4,4,4,4,4,3,3,5,3,4,4,6,4,5,4,3.6,3.42857142857143,4.25,3.57142857142857
"JPN2",39,2,2,4,4,4,3,2,4,3,2,4,4,2,2,4,4,4,4,3,4,4,4,4,3,5,4,2,4,2,5,2,5,6,5,5,2.6,3.71428571428571,4,3.14285714285714
"JPN2",30,2,1,3,3,2,1,2,5,4,1,1,5,5,3,5,5,5,5,2,5,4,4,4,4,2,1,3,5,5,3,4,6,5,7,7,2.2,2.71428571428571,4.125,3.85714285714286
"JPN2",46,1,4,2,4,2,4,1,5,2,3,2,5,3,4,3,5,2,4,4,4,4,4,2,4,3,4,2,5,3,5,4,5,3,6,5,3.8,2.42857142857143,4.5,2.71428571428571
"JPN2",32,1,2,4,2,4,2,3,4,2,2,4,3,4,4,4,3,3,2,2,4,3,3,4,3,4,4,4,4,4,3,3,2,5,5,6,2.4,3.57142857142857,3.375,3.28571428571429
"JPN2",39,2,3,2,3,2,4,3,4,4,4,4,5,2,5,1,4,5,4,2,2,5,2,4,4,4,4,2,4,4,2,5,7,5,5,4,4,2.85714285714286,3.875,3
"JPN2",29,2,2,4,4,3,2,2,4,4,2,4,4,2,2,4,4,4,4,4,4,4,4,4,4,4,3,4,2,5,5,3,5,5,5,5,2.4,3.71428571428571,3.625,3.57142857142857
"JPN2",43,1,3,2,3,2,3,2,5,3,3,2,4,4,4,3,4,4,4,2,3,4,4,2,3,4,3,2,5,2,2,4,5,5,6,5,3.4,2.42857142857143,3.875,3.14285714285714
"JPN2",40,1,3,4,3,2,4,3,3,4,3,2,3,2,4,4,4,3,2,2,3,4,2,4,3,5,4,2,4,6,5,5,5,3,4,4,3.2,3.42857142857143,3.5,2.57142857142857
"JPN2",55,2,2,3,3,2,1,3,3,2,2,3,2,3,3,3,2,2,3,3,3,3,3,3,3,3,3,3,2,4,3,4,4,5,5,5,2.2,3,2.625,2.57142857142857
"JPN2",27,2,3,3,4,3,3,3,3,3,2,3,4,3,3,4,4,4,3,3,4,4,3,4,3,4,3,3,3,4,4,5,5,4,5,5,2.8,3.42857142857143,3.625,3.14285714285714
"JPN2",37,1,5,5,3,3,5,3,4,4,4,5,4,4,5,4,5,5,5,3,3,4,4,5,4,5,3,3,4,5,7,5,5,4,7,5,4.8,4.28571428571429,3.75,3.85714285714286
"JPN2",44,1,3,4,3,3,3,2,4,4,2,3,4,2,2,3,4,4,2,2,3,4,2,4,4,4,3,2,4,5,5,4,5,5,6,5,2.4,3.14285714285714,3.625,3
"JPN2",39,2,3,4,3,4,3,3,3,2,3,4,3,3,3,3,3,3,3,4,3,3,3,2,4,3,2,4,3,5,3,5,5,4,4,4,3,3.28571428571429,2.875,3.28571428571429
"JPN2",26,2,4,2,3,2,2,2,2,3,4,4,5,4,4,4,4,4,5,2,2,3,5,2,3,4,3,2,2,3,5,2,6,5,4,3,3.8,2.85714285714286,3,3.28571428571429
"JPN2",37,1,2,2,4,2,2,2,5,4,1,2,4,3,2,2,4,5,4,3,4,3,3,2,4,2,3,4,4,2,2,1,4,4,4,5,2.2,2.14285714285714,3.875,3.57142857142857
"JPN2",42,2,3,4,4,2,2,1,5,3,3,4,4,4,3,3,4,4,3,3,4,4,4,4,3,4,3,3,4,5,5,4,4,4,6,5,2.8,3.28571428571429,4,3.28571428571429
"JPN2",61,1,2,2,4,2,2,1,5,4,2,1,4,3,4,1,5,5,4,3,4,4,3,2,4,4,2,3,5,2,4,3,4,3,4,6,2.8,2,4.125,3.42857142857143
"JPN2",57,2,2,2,3,2,2,2,4,4,3,3,3,3,4,3,3,4,3,4,4,2,4,4,4,3,3,4,3,3,3,3,4,5,5,5,2.8,3,3.125,3.57142857142857
"JPN2",47,2,2,3,4,4,1,3,5,4,1,2,4,4,3,2,4,5,4,3,4,4,5,3,3,5,4,3,4,5,6,4,6,6,7,6,2.2,3,4.125,4
"JPN2",28,3,1,4,4,2,3,2,5,4,1,3,5,2,4,4,4,5,1,4,2,4,3,4,5,4,4,2,4,3,2,2,6,5,6,6,2,3.57142857142857,4,3.28571428571429
"JPN2",18,2,1,2,2,3,2,1,3,4,1,2,3,1,2,4,4,4,2,1,3,3,4,4,2,4,2,1,4,6,7,5,5,5,6,5,1.6,2.57142857142857,3,2.71428571428571
"JPN2",26,2,2,3,3,2,3,3,4,4,2,3,4,4,3,3,4,4,4,3,4,4,4,3,4,3,3,4,4,3,3,1,3,5,7,5,2.8,3,3.75,3.71428571428571
"JPN2",30,2,1,4,4,3,2,2,5,5,2,2,5,5,4,4,5,5,4,2,5,4,4,4,4,3,3,4,5,1,5,4,5,4,5,5,2.6,3,4.5,4.28571428571429
"JPN2",28,2,1,3,4,2,1,1,5,4,1,2,4,4,4,3,5,4,4,4,4,5,4,3,4,2,4,3,4,2,5,5,3,5,6,5,2.2,2.57142857142857,4.375,3.57142857142857
"JPN2",33,1,2,3,3,3,3,2,4,4,3,2,3,3,4,3,4,4,2,3,4,4,3,3,3,4,3,2,4,5,4,3,4,3,4,3,2.8,2.85714285714286,3.625,3.14285714285714
