V1,Sexe,Age,FD1,SD2,UP3,FW4,FD5,SD6,UP7,FW8,FD9,SD10,UP11,FW12,FD13,SD14,UP15,FW16,FD17,SD18,UP19,UP20,FW21,SD22,FW23,SD24,UP25,FW26,UP27
403,1,26,2,1,2,3,2,2,4,3,1,1,4,3,2,3,5,4,2,3,3,4,3,5,4,4,2,4,5
405,1,24,2,4,3,4,4,3,4,4,2,3,2,4,2,4,4,2,2,3,2,3,2,5,2,3,2,3,3
406,1,23,3,2,1,4,1,1,3,4,1,2,3,4,2,4,2,4,1,3,2,3,3,2,3,1,2,5,4
407,1,24,4,1,4,2,3,1,5,4,4,1,4,4,3,2,1,4,4,3,3,4,3,1,5,4,2,3,2
408,1,22,3,3,4,2,2,2,4,4,1,2,4,3,2,4,3,2,2,3,3,4,3,4,2,3,2,4,4
410,1,23,2,3,3,1,3,2,5,4,1,1,3,2,2,3,2,2,1,3,3,3,1,3,4,3,2,3,4
412,1,21,2,1,3,2,2,2,4,3,2,2,3,4,1,2,5,3,1,1,5,3,2,5,3,5,3,4,5
414,1,25,1,2,4,3,1,1,4,4,1,1,5,3,2,3,4,2,4,3,3,4,5,5,4,5,3,4,3
417,1,53,1,2,3,3,3,1,4,3,1,1,1,4,3,2,3,4,2,3,3,3,4,3,2,3,2,3,5
418,1,32,3,3,3,3,1,2,2,2,1,3,3,4,3,3,4,3,3,2,2,4,2,3,3,3,2,2,4
419,1,23,4,2,3,3,4,3,3,3,3,2,2,4,3,3,3,4,3,3,3,4,4,3,4,2,3,3,3
420,1,21,2,4,1,4,3,2,5,4,2,3,2,2,4,3,2,4,4,4,3,4,2,4,2,5,3,4,3
423,1, ,2,1,1,2,1,2,5,3,2,1,2,3,3,4,4,4,1,2,3,3,3,3,2,2,2,3,5
424,1,20,3,2,4,4,3,2,5,5,3,2,5,5,4,3,5,5,5,5,5,3,3,4,3,4,4,5,5
425,1,24,1,1,3,4,1,1,3,5,1,1,2,3,1,2,3,2,1,2,2,3,2,3,1,2,2,2,5
426,1,31,1,3,1,2,1,4,3,4,1,2,1,3,1,3,1,2,3,4,1,5,4,4,2,3,1,3,2
431,1,39,2,1,2,2,1,1,5,2,1,1,2,3,2,3,2,4,3,2,2,2,3,2,2,2,3,2,4
432,1,22,1,4,4,4,2,2,5,4,1,4,4,4,2,4,4,4,2,4,4,3,5,4,2,4,4,4,4
434,1,24,2,3,4,1,2,2,5,2,2,2,2,4,2,3,3,2,3,3,2,5,2,2,2,4,2,2,3
437,1,30,2,1,3,2,2,1,5,4,1,1,3,5,1,4,4,4,1,3,4,3,2,3,3,3,2,4,5
440,1,28,3,2,2,1,2,1,5,5,1,1,3,4,2,3,3,3,4,4,3,2,3,5,2,4,2,2,4
441,1,20,4,1,3,3,2,1,3,5,2,4,4,4,2,1,3,3,1,3,3,3,5,3,2,1,2,3,2
442,1,38,3,2,4,2,2,1,2,2,1,1,3,3,1,3,3,2,1,2,4,3,2,3,2,3,2,1,4
444,1,20,1,3,3,4,1,2,5,5,1,2,2,2,2,2,4,1,2,3,4,1,2,4,2,4,1,5,5
446,1,18,3,1,2,3,2,1,5,4,2,1,5,4,2,2,4,4,3,2,4,4,3,1,2,2,4,4,5
448,1,21,3,3,2,4,1,2,5,4,2,1,2,5,3,5,5,2,3,3,4,5,1,2,2,4,2,4,4
450,1,20,2,3,4,3,4,3,5,5,3,3,3,4,2,5,4,4,3,4,5,4,3,4,3,2,3,4,3
453,1,23,3,3,3,3,3,1,2,2,1,1,4,3,2,3,3,3,3,3,3,4,2,2,2,2,2,2,4
454,1,21,1,2,2,2,1,1,4,3,1,2,2,3,2,2,3,3,3,3,3,4,4,2,2,3,2,2,4
456,1,20,3,4,2,3,3,4,3,4,3,2,3,4,3,3,3,4,3,2,3,3,2,4,3,4,3,3,3
457,1,23,2,2,3,3,2,2,4,3,2,2,4,3,3,4,3,4,3,3,4,4,4,2,3,4,3,2,4
458,1,24,1,2,4,3,2,2,4,4,1,3,4,4,3,4,2,1,2,4,4,5,2,4,3,4,3,4,4
459,1,19,4,5,5,2,1,2,5,2,1,2,5,5,3,5,3,4,2,5,3,5,3,4,3,4,2,5,3
460,1,24,1,4,1,3,1,5,2,3,1,3,1,2,5,2,3,3,1,1,4,1,3,4,1,4,1,1,4
464,1,21,3,2,1,2,5,1,5,3,5,5,3,4,3,1,3,3,4,3,3,4,2,4,2,4,3,4,4
465,1,21,1,2,1,3,1,3,2,3,1,2,2,2,1,3,4,2,1,1,1,2,1,3,2,2,1,2,4
466,1,22,1,3,1,2,2,3,4,4,1,2,2,4,2,4,2,2,1,4,3,2,4,4,2,4,1,3,4
467,1,23,1,2,3,2,1,1,5,4,1,1,1,5,1,2,2,2,1,3,2,2,3,4,3,4,1,2,5
468,1,24,2,2,1,3,2,3,4,2,2,2,2,3,2,2,3,2,2,3,2,3,2,2,1,1,2,1,4
470,1, ,4,4,1,2,3,4,2,4,3,3,3,4,3,4,3,2,2,1,3,3,1,1,1,4,2,4,3
471,1,22,1,3,5,4,1,1,5,5,1,1,3,4,1,4,3,4,1,2,5,5,5,1,3,4,5,3,5
472,1,19,1,3,1,2,1,3,3,2,1,2,4,4,2,4,3,2,1,2,4,4,4,2,2,3,3,3,5
474,1,37,2,2,2,4,1,1,4,2,1,1,3,4,4,3,2,2,1,3,4,2,3,2,2,5,3,4,4
475,1,20,1,3,1,2,1,2,4,3,3,2,2,5,3,2,3,4,2,3,1,1,3,3,3,2,1,2,4
477,1,19,1,3,4,1,1,2,3,1,3,3,4,3,2,4,4,3,1,1,3,3,2,3,2,4,1,4,5
478,1, ,1,2,2,1,1,3,5,4,2,2,2,4,2,2,4,5,2,2,3,3,5,1,2,2,2,2,2
480,1,20,2,3,4,3,1,1,3,4,1,1,4,4,3,3,4,2,2,3,4,3,3,2,3,2,3,3,3
482,1,20,3,1,3,3,1,2,4,3,1,1,4,2,1,4,5,1,2,4,4,4,3,4,1,4,2,2,4
483,1,22,1,1,2,4,2,3,4,4,4,1,3,4,3,2,4,3,1,2,3,3,3,2,3,2,2,3,4
484,1,35,1,2,3,3,1,1,3,3,1,2,2,3,2,3,2,2,1,2,2,2,4,3,3,3,2,3,4
485,1,25,2,4,3,4,2,2,4,4,2,2,3,2,2,3,2,2,2,3,2,2,4,4,2,4,2,4,2
488,1,44,2,2,4,2,3,1,5,2,2,1,2,2,3,4,3,4,4,3,2,4,2,2,4,2,1,4,4
489,1,19,3,4,2,3,4,1,5,2,3,1,4,4,2,3,4,5,3,4,4,4,3,4,3,4,3,3,5
490,1, ,4,1,3,4,3,3,5,4,3,1,3,5,4,4,2,3,3,3,4,4,3,4,3,1,3,3,4
492,1,23,4,3,3,1,2,1,4,4,3,2,4,3,3,4,5,3,1,4,4,3,2,4,3,2,2,2,4
493,1,54,3,4,3,1,4,2,5,3,3,3,2,3,2,2,2,3,2,2,1,3,2,3,3,3,4,2,4
494,1,21,2,4,4,4,1,3,4,5,1,1,3,5,1,3,5,5,1,3,5,3,4,4,3,3,3,3,3
495,1,20,1,4,1,2,2,2,2,4,1,3,2,4,2,4,1,2,1,4,3,3,5,4,2,4,1,2,1
497,1,23,3,4,5,2,4,3,4,3,5,4,5,1,4,5,4,4,2,2,4,4,3,5,3,5,4,4,2
498,1,22,3,4,3,3,4,2,5,4,4,4,3,3,4,4,3,4,2,2,3,4,3,4,4,5,4,5,4
499,1,26,1,2,1,2,1,1,5,3,1,2,5,3,4,3,3,3,1,2,4,4,3,2,3,3,3,3,4
500,1, ,3,2,4,1,2,1,3,2,2,2,4,4,3,5,3,2,4,3,3,3,2,5,2,4,3,4,4
501,1,22,4,5,3,1,1,3,3,4,1,3,2,3,2,3,5,4,3,2,2,3,4,4,3,3,3,3,4
502,1,23,2,4,5,4,2,3,5,4,1,4,4,4,2,3,4,3,3,4,3,4,4,4,3,4,4,2,5
503,1,20,2,3,2,2,2,3,4,3,3,2,3,2,3,4,3,2,3,4,2,4,2,4,2,4,3,3,2
504,1,25,1,3,2,4,1,1,4,2,2,1,3,3,2,3,4,2,3,2,3,3,3,4,2,3,2,3,3
506,1,19,4,2,1,3,2,3,3,3,2,2,3,3,2,2,3,3,1,1,3,3,3,2,2,2,3,2,4
507,1,20,4,2,3,4,3,2,3,4,3,1,3,4,4,3,4,4,2,3,3,5,3,4,2,3,2,3,3
508,1,21,3,2,4,2,2,1,4,2,1,1,3,3,1,4,2,3,2,4,3,3,2,4,2,4,2,2,4
509,1,23,3,4,3,3,2,2,5,4,3,3,3,4,3,3,3,4,2,4,4,3,4,3,3,2,2,3,2
510,1,24,3,2,3,2,1,2,3,3,2,1,3,4,2,3,3,3,3,3,2,3,2,3,3,3,2,3,3
512,1,22,2,2,2,4,1,2,4,4,2,2,2,4,1,4,3,5,2,2,2,3,3,4,4,4,2,3,4
513,1,23,4,3,3,2,4,2,4,3,4,3,3,3,3,4,4,4,4,3,3,4,2,4,3,4,3,4,4
514,1,27,4,3,4,4,2,1,5,4,2,3,3,1,3,2,4,4,4,2,3,4,3,2,3,4,3,2,5
517,1,23,2,2,3,4,2,1,5,2,2,2,4,5,1,3,2,2,2,3,3,2,2,2,2,2,2,4,4
518,1,21,3,4,1,2,3,1,5,3,3,3,2,2,3,4,3,3,4,3,4,4,3,4,2,4,3,1,3
521,1,26,5,3,3,4,2,2,5,4,3,3,4,5,4,5,2,1,3,3,3,4,3,5,1,3,2,4,4
523,1,23,3,2,4,1,2,1,4,1,1,1,4,2,2,2,4,2,5,4,4,4,2,2,3,2,3,2,4
524,1,22,1,1,3,1,1,3,3,5,1,1,3,5,1,4,3,3,3,3,1,1,3,3,3,3,1,5,3
526,1,25,3,4,1,2,2,2,2,4,2,2,2,4,2,3,3,3,2,4,2,2,3,4,3,4,2,2,2
529,1,25,1,2,2,2,3,2,4,3,1,1,3,3,2,1,3,3,4,3,3,3,1,1,2,1,2,2,4
531,1,26,3,2,3,2,2,1,2,2,1,1,3,2,2,3,3,3,1,2,2,3,2,3,2,3,3,2,4
534,1,24,3,3,3,3,1,1,3,3,4,1,4,4,4,4,3,2,2,1,2,3,3,3,3,1,1,4,2
535,1,24,4,3,4,2,2,2,5,3,2,3,3,3,4,4,3,2,1,4,3,4,3,4,3,4,4,2,5
536,1,25,1,3,1,5,1,3,5,5,1,3,1,3,1,3,5,5,1,3,2,3,5,1,5,1,1,3,5
537,1,24,3,4,4,1,1,1,4,3,1,2,4,2,3,3,3,2,3,2,4,4,1,2,2,3,3,2,4
539,1,21,2,3,4,2,2,4,4,5,2,1,3,3,4,5,2,5,3,4,3,5,4,4,3,4,3,2,5
540,1,21,1,3,1,5,3,1,5,5,1,3,3,1,3,3,3,1,1,1,3,2,4,4,1,4,3,3,5
545,1,23,2,1,3,1,1,2,2,4,1,1,2,3,2,1,4,4,1,2,5,3,3,3,2,2,2,2,4
546,1,21,4,4,2,2,3,3,4,4,3,2,4,4,4,3,3,3,3,4,3,4,2,3,3,4,2,4,4
547,1,19,3,2,3,3,1,2,4,3,1,2,4,4,2,3,4,3,1,2,4,3,3,3,2,1,3,3,4
548,1,28,4,3,4,2,4,2,5,4,3,2,4,2,3,3,3,3,4,3,4,4,2,4,3,4,3,3,5
550,1,21,3,3,2,1,1,2,4,4,1,2,2,2,1,4,3,3,1,1,4,3,2,3,3,3,4,2,4
554,1,21,4,2,3,3,1,4,3,4,4,1,4,4,3,4,4,4,3,3,2,3,4,2,3,3,2,4,3
556,1,24,4,3,4,3,4,2,5,3,4,1,4,4,4,3,4,3,3,2,3,4,2,3,3,4,2,4,3
557,1,23,2,3,2,3,4,1,3,4,3,1,2,4,4,4,4,2,3,3,3,2,2,3,3,4,2,5,3
558,1,20,4,1,3,3,1,2,4,3,2,4,2,4,2,3,3,4,2,3,4,1,4,4,3,3,2,5,4
559,1,26,3,1,1,2,2,1,1,4,2,3,2,2,2,3,2,1,2,5,2,4,1,2,2,3,2,2,2
560,1,28,3,2,4,2,2,3,5,5,3,2,4,3,3,4,4,5,3,3,4,3,4,2,4,3,3,3,5
561,1,23,3,2,3,3,2,2,4,2,2,1,3,4,2,3,3,2,3,3,3,3,3,2,2,3,2,3,4
562,1,32,3,4,4,2,2,1,5,5,1,4,3,2,3,4,2,4,2,4,2,4,4,4,2,4,2,2,4
564,1,26,3,2,3,4,2,1,5,5,2,2,3,4,4,4,3,3,2,3,3,4,4,4,4,5,3,4,4
565,1,22,1,4,1,3,1,1,4,4,1,3,2,4,1,4,2,4,2,2,1,2,3,2,3,4,1,4,2
566,1,24,1,1,4,2,1,1,5,4,1,2,1,2,1,3,3,2,1,4,1,3,1,3,2,1,1,1,5
569,1,24,4,4,3,2,3,1,5,4,1,4,3,3,2,4,2,4,2,3,4,4,2,4,4,4,4,3,5
570,1,24,2,2,3,4,1,2,5,5,1,1,3,4,2,3,2,5,1,2,4,4,4,2,4,1,3,4,5
571,1,23,4,2,2,4,2,2,5,2,2,2,4,4,4,2,4,3,2,4,3,5,2,4,4,4,3,3,4
572,1,23,1,2,1,2,2,1,2,3,1,2,1,2,1,3,2,3,4,3,2,2,1,3,2,3,1,2,5
573,1,24,3,4,3,4,3,3,5,5,3,3,3,4,4,4,5,2,3,4,3,4,4,4,2,4,3,3,4
574,1,28,3,3,5,1,3,1,4,3,1,3,5,1,3,4,4,3,1,1,4,4,1,3,1,4,5,1,5
575,1,43,3,3,1,1,1,1,1,3,2,2,1,4,3,3,2,2,1,2,1,4,1,4,2,4,1,5,2
576,1,22,2,2,2,3,3,2,3,4,2,3,4,3,4,4,4,3,2,2,3,4,3,4,4,3,3,3,3
580,1,20,4,1,4,2,1,2,4,4,5,3,4,5,3,3,5,2,4,4,4,3,3,2,2,5,5,3,3
582,1,19,1,3,1,2,1,1,4,2,1,1,1,4,2,4,5,2,4,1,5,4,1,1,3,3,1,5,5
587,1,22,4,4,3,2,2,1,4,4,1,3,2,4,2,3,4,2,1,3,2,3,4,3,4,4,2,4,5
589,1,20,3,3,1,3,1,4,5,3,2,2,3,5,3,3,3,2,1,3,4,3,4,3,2,3,2,3,4
590,1,25,2,3,3,3,1,2,4,3,1,3,3,3,1,1,4,3,1,2,3,3,4,2,3,1,1,3,4
591,1,20,5,4,3,5,4,4,5,5,5,4,5,5,4,4,5,5,3,4,4,5,5,5,3,5,4,4,3
596,1,35,2,2,3,4,2,2,4,2,1,1,4,4,2,3,3,2,2,4,2,3,4,3,3,2,2,3,2
597,1,25,3,2,4,2,2,2,3,4,1,2,2,3,3,4,3,3,4,3,3,4,4,4,3,3,3,4,2
599,1,22,1,1,4,3,1,1,5,3,1,1,4,3,1,3,5,3,2,2,4,4,2,3,3,2,2,2,2
600,1,19,1,3,3,3,1,4,5,5,1,1,4,4,1,3,3,4,1,3,4,3,3,3,3,3,2,3,1
603,1,19,3,1,4,1,1,1,5,3,1,1,5,5,1,2,4,3,1,3,5,5,4,5,1,3,4,3,5
605,1,22,1,2,1,2,1,3,4,2,1,2,1,2,1,1,4,3,1,1,1,4,2,1,1,4,1,1,5
606,1,26,3,4,3,2,2,2,3,4,1,4,4,3,2,4,4,3,1,3,4,3,3,3,3,4,3,2,4
607,1,21,3,5,2,4,2,3,4,4,2,4,4,4,4,4,4,2,2,4,4,4,3,4,2,4,4,3,5
608,1,22,4,1,2,3,1,2,5,2,3,1,3,4,2,1,3,3,3,3,2,2,2,3,2,2,2,3,2
610,1,23,2,3,3,2,1,1,5,4,1,2,3,5,3,3,3,4,4,2,3,3,4,3,4,4,2,3,5
612,1,23,1,2,1,2,1,1,5,1,1,1,1,4,1,2,2,4,2,4,3,2,2,3,3,3,1,2,5
613,1,26,4,1,1,4,2,3,1,5,1,1,1,4,1,2,1,4,1,2,1,1,1,3,1,3,1,4,2
615,1,25,1,2,4,2,1,1,5,5,1,1,4,4,5,4,4,3,1,2,4,3,2,1,2,1,4,4,5
616,1,23,2,2,1,4,2,1,5,3,2,4,2,3,3,3,4,4,1,4,1,2,2,3,3,4,2,4,3
617,1,23,1,3,2,3,2,2,3,4,1,2,1,3,1,2,2,3,1,2,1,1,3,2,2,3,1,3,5
618,1,21,1,2,3,1,3,1,4,2,2,1,3,1,2,4,3,2,1,1,4,3,1,4,2,3,2,1,5
619,1,25,3,4,3,5,3,2,5,4,3,3,4,5,5,3,4,4,3,4,4,4,3,3,3,4,4,3,4
620,1,23,3,4,2,4,2,2,4,4,1,1,2,3,2,3,3,4,1,3,3,4,3,4,3,4,3,3,2
625,1,40,2,2,1,4,2,2,5,4,1,1,2,3,1,4,4,2,5,2,3,3,2,4,2,2,1,4,5
626,1,21,3,2,3,4,2,1,4,4,2,2,3,3,3,2,4,3,2,3,3,4,2,3,3,3,2,3,3
627,1,24,1,2,1,3,1,2,3,2,1,2,2,2,1,2,2,3,1,3,2,3,2,3,2,3,2,2,4
629,1, ,3,3,3,3,3,3,3,4,3,3,4,4,3,3,3,3,3,4,3,3,3,4,3,3,3,3,3
638,1,24,4,3,3,2,2,1,4,4,2,2,4,3,3,3,3,3,2,2,4,4,2,3,3,3,4,2,4
642,1,37,3,4,5,1,3,5,5,5,2,4,3,4,2,3,4,3,2,3,3,4,2,4,2,4,2,3,3
644,1,23,4,2,2,3,2,1,3,3,1,2,2,2,2,2,3,2,1,4,3,4,3,2,2,4,2,3,4
645,1,37,2,2,2,4,2,2,5,3,1,1,4,4,1,3,4,3,1,2,3,3,2,4,3,2,1,3,5
647,1,23,4,3,2,3,1,3,5,4,1,3,5,5,4,3,2,2,1,4,5,5,3,3,3,3,1,2,5
648,1,19,1,2,5,4,4,1,5,5,5,1,5,5,2,5,5,5,1,2,4,5,5,4,4,5,5,5,5
650,1,37,2,1,4,4,1,2,1,3,1,2,4,3,2,3,3,3,1,4,4,4,2,3,3,3,3,2,5
651,1,36,2,2,3,4,1,4,4,4,2,4,2,4,3,4,4,4,1,2,4,4,4,5,4,2,2,4,4
654,1,20,4,2,4,1,2,2,4,4,2,1,3,3,2,4,3,4,4,4,5,4,2,4,3,4,3,3,4
655,1,20,1,2,2,3,1,1,2,3,1,1,4,3,1,3,4,1,1,2,3,3,1,1,2,3,2,2,5
656,1,20,2,3,3,4,1,3,4,4,1,2,3,2,2,2,3,3,2,2,3,3,3,3,2,2,3,4,3
657,1,23,1,3,2,4,1,3,3,3,1,1,2,3,4,4,4,3,1,2,3,4,4,3,3,3,2,3,3
659,1,22,4,2,1,1,2,1,5,4,1,2,5,4,3,2,4,3,4,3,4,4,3,2,2,3,2,4,5
660,1,21,2,4,2,3,2,3,5,4,1,1,2,4,2,2,2,4,1,3,3,3,4,2,2,2,1,5,5
661,1,18,2,2,3,4,2,2,4,4,2,2,3,3,2,4,3,3,4,3,3,4,3,4,3,4,2,3,4
662,1,23,2,3,4,4,2,4,4,2,1,1,3,4,3,4,3,5,5,4,2,2,4,4,4,4,2,4,2
663,1,18,3,4,3,2,1,1,2,3,2,2,4,5,2,4,3,2,3,3,3,3,2,4,2,4,3,4,3
664,1,21,3,5,5,2,1,1,5,5,1,3,3,2,1,1,3,4,2,4,3,4,2,1,3,3,2,3,5
665,1,24,3,4,2,4,1,4,5,4,3,2,2,3,2,2,3,3,3,2,1,3,4,3,1,4,3,2,5
666,1,22,4,4,3,2,3,4,5,4,3,3,4,3,4,4,4,3,3,4,4,2,4,3,4,4,3,3,4
667,1,20,2,2,3,2,2,2,4,2,1,1,2,2,2,4,3,3,2,3,3,4,3,4,3,4,3,3,4
668,1,20,3,2,3,2,3,2,4,3,2,2,4,4,4,4,3,2,2,3,4,5,3,2,3,5,3,3,4
669,1,20,4,2,5,2,3,2,5,4,3,2,3,3,2,3,3,2,2,4,4,3,3,2,2,3,3,2,4
670,1,23,2,3,4,2,2,3,4,3,3,3,4,3,3,4,4,2,4,3,3,4,3,4,2,3,3,2,4
672,1,19,2,3,3,3,1,3,4,5,1,1,4,5,3,3,4,4,1,3,2,4,4,4,4,4,1,3,2
673,1,25,2,3,2,2,1,1,2,2,2,2,2,4,1,2,2,2,2,2,2,3,2,1,2,2,2,2,3
674,1,26,1,2,2,5,1,3,3,5,1,1,2,5,3,2,4,3,2,4,3,1,5,3,2,4,3,5,3
676,1,24,2,3,2,4,1,2,4,3,2,2,2,4,1,4,3,4,1,1,1,3,4,5,2,4,2,2,3
677,1,22,3,3,3,3,3,4,5,4,3,3,4,5,4,3,4,3,3,3,3,3,3,4,3,3,3,3,3
680,1,22,3,3,2,2,1,1,5,2,2,3,3,4,2,3,3,3,1,3,4,4,3,2,3,3,3,2,4
684,1,23,1,4,3,3,1,1,5,3,3,3,3,4,3,2,4,2,2,3,2,3,2,3,4,4,2,2,3
685,1,37,3,3,3,2,2,2,4,4,2,3,3,2,2,2,2,2,2,4,2,4,2,3,2,3,2,2,4
686,1,22,4,2,2,4,1,1,4,2,1,1,3,4,1,1,2,3,1,3,3,4,4,5,3,4,2,5,3
687,1,22,2,3,2,3,3,4,4,3,2,3,3,3,2,4,4,4,2,3,3,3,3,3,4,2,3,4,5
688,1,40,2,4,2,3,2,2,3,2,1,2,4,3,2,3,3,2,1,2,2,2,2,2,2,2,2,3,4
689,1,28,1,3,3,3,2,2,3,4,1,1,2,5,4,3,3,3,1,4,2,3,1,4,2,4,2,5,5
690,1,20,3,4,4,2,2,1,5,4,2,2,4,4,4,4,4,3,4,5,5,5,3,4,4,5,2,3,4
692,1,25,5,4,2,2,4,1,5,5,5,3,5,5,5,3,5,5,3,5,5,4,2,4,4,4,3,2,4
694,1,41,2,1,1,4,1,1,4,3,1,1,3,4,1,3,2,3,1,2,1,3,4,2,3,2,1,4,3
695,1,21,3,3,3,2,4,2,4,3,1,3,2,3,3,3,3,1,1,2,3,3,2,4,3,4,3,3,4
696,1,21,3,3,2,4,2,2,3,4,2,2,4,5,2,3,4,4,2,4,3,4,3,4,3,4,3,2,3
698,1,23,1,2,4,1,3,3,4,1,2,2,3,2,3,3,4,1,2,3,3,1,4,3,4,3,1,3,3
701,1,25,3,4,2,4,2,3,5,4,3,3,3,4,3,3,3,3,2,4,3,2,4,3,3,4,3,4,4
702,1,35,1,3,3,4,1,4,3,4,1,3,3,4,3,3,3,4,1,3,3,3,4,3,4,3,2,3,4
704,1,25,1,3,1,4,1,3,3,4,1,3,1,5,1,3,5,5,1,5,3,1,3,4,4,3,1,4,2
705,1,21,2,3,2,2,2,1,2,4,2,2,3,3,3,4,3,3,2,2,3,2,2,4,2,2,2,3,3
706,1,37,3,3,3,4,2,2,4,4,2,2,3,4,3,2,3,4,2,3,3,4,4,3,4,2,2,2,4
707,1,30,5,4,4,2,4,3,4,2,1,4,4,4,2,5,2,3,2,2,4,4,3,4,3,3,4,3,3
708,1,20,3,3,2,3,2,1,4,4,2,2,2,4,2,3,4,3,2,2,2,3,2,3,2,3,3,3,4
710,1,23,3,3,2,2,2,2,4,4,2,1,2,2,3,3,2,1,1,2,2,3,4,3,2,3,2,2,5
711,1,44,1,2,2,2,2,2,4,3,2,2,3,3,2,2,2,2,2,2,2,3,2,2,2,3,2,2,4
712,1,19,4,3,4,2,2,2,4,4,2,3,4,3,4,4,3,2,2,3,4,4,3,3,2,3,2,5,4
713,1,22,3,2,2,1,1,4,3,4,2,1,4,5,1,2,2,2,1,3,4,4,2,2,2,2,2,3,2
715,1,25,2,2,1,2,2,2,4,4,2,2,2,4,2,4,4,3,2,4,2,4,2,4,4,4,2,4,4
716,1,23,1,3,2,3,1,3,3,4,1,2,2,4,2,4,2,4,2,2,2,4,3,3,3,3,2,4,4
718,1,21,1,3,2,4,1,3,5,4,1,3,2,5,1,4,4,4,1,3,4,1,3,2,4,3,4,1,5
719,1,22,3,3,2,3,2,2,4,4,1,2,3,4,2,2,2,5,1,3,4,4,4,4,4,2,1,3,4
721,1,20,2,3,2,3,1,2,4,4,2,2,2,2,2,4,2,4,2,4,2,5,2,4,2,4,2,3,5
722,1,23,2,4,2,2,3,2,5,4,2,3,4,3,2,3,2,5,2,2,3,4,3,2,3,3,2,4,2
724,1,19,3,5,4,2,1,5,3,3,1,3,2,4,1,4,3,1,1,4,4,4,2,5,2,4,3,4,5
725,1,23,1,3,1,4,1,2,4,4,2,3,1,4,2,3,3,4,2,3,3,3,4,4,4,4,2,3,4
148,1,21,2,3,2,4,1,1,5,3,2,2,4,5,2,1,4,3,1,2,2,4,4,4,4,3,4,4,4
149,1,22,1,3,2,4,1,2,4,3,1,3,4,2,2,4,2,3,1,2,3,4,2,4,2,4,3,3,3
152,1,38,2,4,1,2,3,3,3,1,2,5,1,2,1,2,2,5,1,4,3,4,3,3,3,2,2,2,1
158,1,23,3,2,2,3,3,3,4,5,3,3,3,3,2,3,4,5,4,3,5,4,2,2,4,3,2,4,3
159,1,20,1,3,3,5,1,2,5,5,1,2,4,2,1,3,4,5,2,3,2,4,5,4,2,4,2,4,4
160,1,27,2,2,4,2,3,1,5,3,3,2,2,4,3,4,2,1,1,1,4,1,1,4,3,4,3,3,4
161,1,32,3,4,3,1,1,1,3,1,1,1,2,1,1,1,1,1,1,1,1,2,1,3,1,5,3,1,5
162,1,48,5,1,3,3,5,5,5,2,5,3,5,3,5,3,5,5,5,3,5,5,3,2,3,3,3,3,3
164,1,21,1,2,3,5,1,4,5,5,1,1,5,5,1,3,5,5,1,5,5,1,5,4,5,5,5,3,5
166,1,19,1,1,5,3,1,4,5,4,1,1,4,4,1,4,4,4,1,2,5,5,2,3,2,3,3,1,5
167,1,28,3,2,2,3,1,2,4,5,1,2,2,5,2,2,3,3,2,2,2,4,2,3,2,1,3,2,5
168,1,19,1,2,4,2,1,2,4,4,1,1,4,3,2,4,4,3,2,3,4,5,2,1,3,4,2,4,5
173,1,30,2,2,4,3,1,2,3,4,1,2,4,4,2,3,3,4,2,3,4,4,4,4,4,4,3,4,4
174,1,21,1,2,3,3,2,1,4,3,1,2,2,3,1,3,3,3,1,2,3,2,2,2,2,3,2,3,3
175,1,37,1,2,3,3,1,1,1,2,1,1,3,2,1,3,4,4,1,3,4,4,3,2,3,3,3,3,5
177,1,38,1,1,1,3,1,1,2,2,1,1,1,4,1,1,3,1,1,4,2,1,1,4,1,1,1,3,2
179,1,19,1,2,2,3,1,2,4,4,1,2,3,4,2,3,2,2,4,3,4,5,2,4,2,4,2,2,5
180,1,20,1,1,3,3,1,1,5,5,1,1,4,3,2,1,3,4,1,3,4,4,4,1,4,1,2,4,5
181,1,23,1,3,2,3,2,1,4,2,2,2,3,2,2,3,3,2,1,3,1,3,2,1,2,3,2,2,4
186,1,30,1,3,3,4,1,2,4,4,1,2,4,4,1,4,2,4,1,2,2,3,3,3,3,3,2,3,4
188,1,23,2,1,4,2,2,1,5,3,2,1,3,4,1,3,2,3,2,2,4,3,2,3,2,4,2,3,5
192,1,40,2,4,3,2,2,2,4,4,1,3,2,2,2,2,2,2,1,4,3,5,3,4,3,4,3,4,3
195,1,51,2,2,2,3,2,2,5,4,2,1,2,3,3,2,4,4,2,2,2,3,3,3,3,4,2,3,4
199,1,20,2,4,3,3,1,2,5,4,2,3,3,2,2,5,3,4,3,4,2,3,2,5,4,3,2,1,3
200,1,23,1,1,1,4,1,1,5,5,1,1,2,4,1,2,3,5,1,3,1,2,4,3,4,4,1,3,5
203,1,23,3,3,3,1,3,1,2,2,2,3,3,3,3,4,3,3,4,4,4,5,3,3,4,4,3,3,3
205,1,25,2,1,1,2,1,2,5,4,1,1,1,4,2,4,5,4,4,2,3,3,4,4,3,4,2,3,3
206,1,25,2,4,3,3,1,2,4,3,2,3,3,3,2,3,3,4,4,2,2,4,2,3,3,3,2,3,3
207,1,22,2,1,2,3,2,1,5,3,2,1,5,3,3,4,3,4,2,4,5,5,2,2,4,3,2,3,5
210,1,20,2,2,3,3,1,4,3,4,1,1,2,5,4,3,3,4,3,2,3,3,3,2,3,2,2,3,3
212,1,24,2,2,4,2,2,2,4,4,2,2,3,4,2,2,4,2,2,4,4,4,2,2,2,3,3,3,4
214,1,22,3,2,2,2,1,2,3,5,2,1,4,5,4,5,4,5,4,4,4,3,4,4,4,1,4,4,3
216,1,18,4,3,4,1,2,2,5,4,2,1,2,2,3,4,2,2,4,2,2,3,1,4,2,4,3,4,5
218,1,25,1,3,2,3,1,1,4,3,1,2,2,3,2,2,3,4,1,3,2,3,3,4,2,3,1,4,4
220,1,22,2,2,2,3,1,2,5,4,1,1,5,4,2,3,4,3,2,4,4,4,3,4,3,4,3,3,5
223,1,19,2,1,4,2,2,4,3,5,3,1,3,4,2,2,3,4,2,3,3,3,4,4,3,2,3,1,4
224,1,24,3,2,3,3,1,2,5,3,2,2,5,3,3,3,3,4,3,3,4,3,3,4,3,4,3,5,5
225,1,23,3,4,4,2,1,2,3,4,3,2,5,4,3,3,5,4,3,4,4,4,4,3,1,3,3,4,2
226,1,20,1,2,4,3,2,4,5,3,1,3,4,3,1,4,4,4,1,4,4,4,3,3,4,3,4,3,5
228,1,18,1,3,2,4,1,3,5,3,2,3,3,4,2,4,4,3,2,4,4,4,3,1,3,4,2,3,5
229,1,21,2,3,4,2,2,2,5,5,1,3,2,3,3,2,4,4,2,3,3,4,4,4,3,4,3,4,1
237,1,21,1,3,1,2,2,1,2,4,1,3,2,4,1,4,1,3,1,1,1,4,2,5,2,5,1,4,4
238,1,20,3,2,4,4,4,3,4,5,3,2,3,4,5,3,4,5,3,4,5,4,4,4,3,3,3,4,3
249,1,26,2,4,2,4,2,3,5,4,2,4,4,4,2,5,4,5,2,5,4,3,4,4,4,4,3,4,4
250,1,24,3,4,3,3,3,1,5,5,2,2,4,1,2,4,3,3,3,4,3,4,4,4,3,3,2,2,4
254,1,21,1,4,3,2,2,1,5,3,1,2,4,3,1,3,5,3,1,4,4,4,1,4,2,3,5,2,5
256,1,51,2,2,2,2,2,3,2,4,2,3,2,4,2,4,2,4,3,4,2,4,4,2,3,4,2,2,2
257,1,28,1,3,1,4,1,1,1,4,1,2,3,4,2,2,2,3,1,4,3,3,4,3,3,3,2,3,1
258,1,37,3,3,2,3,4,2,3,3,2,2,3,3,3,2,3,3,3,3,3,3,3,3,3,3,3,3,3
259,1,27,1,3,3,2,1,4,5,5,3,1,4,4,4,3,4,3,2,3,4,3,4,3,2,1,3,1,5
264,1,20,2,3,5,2,1,2,4,2,1,2,3,3,1,1,3,3,1,2,2,4,1,2,2,4,4,5,5
269,1,25,1,2,2,3,2,1,5,3,1,2,3,3,2,2,3,3,2,3,3,3,3,3,3,4,3,2,4
273,1,59,3,5,2,3,4,1,1,2,1,3,4,3,4,3,4,3,1,1,3,3,4,3,3,4,3,2,5
275,1,20,1,2,3,3,1,1,4,4,1,1,5,4,3,2,4,4,2,4,4,4,4,2,4,3,3,2,4
277,1,21,2,3,1,3,2,3,4,4,2,2,3,4,2,5,3,3,1,3,3,2,3,3,3,4,2,3,4
278,1,20,2,2,3,4,2,4,3,4,2,2,2,3,3,3,4,5,3,2,2,3,3,4,2,3,2,4,4
280,1,36,2,1,2,3,4,1,4,4,3,1,4,4,2,4,2,4,1,4,4,4,5,3,2,4,3,4,4
281,1,43,1,2,2,3,2,1,5,5,2,1,2,3,2,4,2,3,3,2,3,2,2,3,3,3,2,3,4
283,1,25,3,4,4,4,2,1,5,5,1,1,5,5,2,4,4,3,2,2,4,4,4,4,4,2,4,5,5
286,1,49,2,2,5,2,2,2,2,3,2,2,2,2,2,2,2,2,2,2,2,3,2,2,2,2,2,2,2
288,1,23,2,3,4,3,2,3,5,4,3,3,3,4,4,4,3,4,2,3,4,3,4,3,4,4,3,3,5
294,1,33,2,3,1,2,1,1,2,3,2,4,2,3,2,2,3,4,3,4,3,4,2,4,2,4,2,3,3
297,1,26,3,2,2,2,3,1,5,5,3,1,3,3,3,2,2,4,2,2,3,4,3,2,3,2,3,3,4
300,1,34,1,3,1,2,1,2,2,4,1,4,3,4,2,4,1,4,4,2,1,3,4,2,4,5,2,2,2
301,1,49,2,3,4,5,4,3,5,4,5,3,3,3,3,3,4,2,3,4,2,4,4,4,3,4,4,3,4
304,1,20,1,3,5,1,4,1,4,5,1,1,4,1,3,3,2,4,4,1,4,1,2,2,3,1,3,1,5
307,1,28,5,5,5,5,5,5,1,1,5,1,4,5,1,1,5,5,5,3,5,5,5,5,1,5,5,1,5
309,1,35,1,2,2,3,1,2,5,4,1,1,2,3,2,3,2,3,3,2,2,4,4,4,3,2,2,4,4
311,1,23,2,1,1,3,1,1,5,3,1,2,2,4,1,2,2,4,2,1,2,3,3,2,3,3,2,2,4
314,1,31,1,2,3,2,1,1,4,4,1,1,3,3,1,2,4,1,1,3,3,3,3,3,1,3,3,3,4
315,1,43,3,2,3,2,4,2,5,4,1,4,3,2,2,3,4,3,3,3,3,4,2,3,3,4,3,5,4
317,1,22,3,3,4,3,2,2,4,4,2,2,2,4,2,3,4,4,1,2,2,4,3,4,2,3,3,2,2
319,1,23,4,2,4,3,2,1,4,4,1,2,4,4,3,3,4,3,3,4,2,4,3,4,3,4,4,3,5
321,1,36,2,3,2,4,1,4,4,5,1,2,3,5,3,3,3,5,2,2,3,3,4,5,3,4,1,5,5
322,1,24,2,1,5,2,2,1,5,5,2,2,5,3,3,4,3,2,2,3,4,4,2,3,4,5,3,2,5
323,1,38,1,2,3,3,2,2,5,5,2,2,2,4,2,2,4,4,1,2,4,3,4,4,4,4,3,4,4
324,1,23,4,2,3,1,2,1,4,5,3,1,2,4,2,3,4,4,3,4,2,4,2,2,4,4,4,4,3
327,1,20,1,2,2,1,4,1,5,5,3,3,2,4,2,2,3,2,1,1,4,3,5,2,2,1,1,3,4
331,1,24,2,2,2,1,3,2,5,4,2,1,4,4,4,2,5,2,3,3,3,2,2,3,2,3,1,2,4
332,1,22,3,2,1,2,1,1,3,4,1,3,4,5,2,3,2,3,1,2,2,2,1,4,2,3,3,2,4
334,1,24,2,2,3,2,1,2,5,2,2,3,4,4,3,2,3,2,2,4,3,4,2,3,2,4,3,2,4
335,1,23,2,3,3,2,2,1,5,4,2,1,3,3,2,4,5,3,1,2,2,3,3,4,3,4,3,2,4
336,1,20,1,3,1,5,3,1,1,5,5,3,3,5,3,2,4,3,4,2,4,4,4,1,2,3,4,2,1
337,1,21,1,4,1,3,2,1,2,4,1,4,3,3,3,4,4,4,1,2,3,2,3,3,3,4,2,4,4
338,1,23,3,3,2,4,2,2,5,3,3,3,4,4,2,2,3,4,2,3,3,3,3,4,4,5,2,4,4
340,1,27,3,4,4,2,1,1,5,3,1,2,2,4,5,1,2,4,4,2,2,5,1,4,3,2,2,4,4
343,1,24,1,2,1,4,1,1,5,4,1,2,1,4,1,4,2,4,1,4,3,2,5,4,4,4,1,4,5
345,1,18,1,3,2,4,2,2,2,3,1,3,1,5,2,3,5,2,3,4,2,1,2,4,3,5,2,3,2
347,1,21,1,1,2,3,1,3,5,4,1,1,2,5,1,5,3,4,1,2,2,3,3,4,2,2,2,4,5
349,1,29,2,4,3,4,2,2,2,5,1,3,5,5,2,5,4,2,1,4,3,4,4,2,2,3,2,2,5
351,1,48,1,2,1,4,1,1,1,5,1,3,2,4,2,2,2,3,1,2,1,3,3,4,3,3,1,4,4
352,1,30,2,3,3,3,1,3,2,4,1,2,4,4,1,5,4,5,3,3,3,4,4,4,4,4,3,4,4
353,1,26,2,2,2,3,2,1,4,4,2,1,4,4,3,3,5,4,2,3,4,4,4,3,2,4,2,1,3
354,1,47,1,4,3,4,2,1,5,5,2,4,2,4,3,3,2,2,3,3,2,4,2,4,3,4,2,2,4
356,1,19,1,3,2,4,1,2,4,3,1,2,4,4,1,3,4,2,1,2,3,3,4,3,3,4,3,3,4
357,1,20,3,4,4,2,3,2,5,1,1,2,3,4,4,2,5,5,2,3,3,4,4,5,2,5,3,4,4
366,1,25,2,3,5,4,1,2,4,3,2,2,4,3,3,4,4,4,3,4,4,3,3,2,3,4,2,4,4
367,1,46,1,3,3,1,1,1,5,5,1,3,2,4,1,3,2,4,1,2,4,4,4,4,4,3,2,2,5
369,1,21,2,1,2,5,3,2,4,4,2,1,3,5,2,4,4,4,2,3,4,4,4,4,4,4,2,4,4
372,1,21,3,2,1,4,1,2,4,4,3,1,3,4,2,4,5,3,3,3,3,3,3,3,2,2,2,3,4
373,1,45,2,4,2,4,2,3,3,4,2,3,3,4,2,3,4,4,3,1,3,3,4,3,4,4,3,4,3
382,1,21,1,3,1,4,1,3,4,5,2,1,3,4,2,5,4,5,3,3,2,2,4,4,5,3,2,5,4
386,1,61,4,4,2,3,3,4,3,5,3,4,1,4,2,4,5,5,4,3,3,3,3,4,4,4,2,4,3
388,1,21,2,1,1,5,1,2,4,5,2,1,4,4,2,4,3,5,2,4,4,4,3,3,4,1,2,3,4
393,1,32,3,4,2,2,3,2,3,4,3,3,2,3,3,3,4,3,3,2,2,3,2,5,3,4,2,3,2
394,1,22,1,2,2,3,1,1,5,5,1,1,1,5,1,2,3,4,1,3,3,2,4,3,4,3,1,3,5
396,1,22,2,2,3,2,1,1,3,4,3,2,3,5,4,3,3,4,4,4,3,3,4,4,3,2,2,4,3
397,1,25,1,5,1,4,1,3,3,4,1,3,3,2,1,4,2,3,1,3,2,4,3,3,3,4,1,3,2
402,1,27,2,2,2,4,1,1,3,4,2,1,2,4,2,4,3,4,2,4,2,2,5,2,4,4,2,4,4
403,1,19,2,1,3,1,1,1,4,5,3,2,4,3,2,2,4,2,4,2,4,4,2,4,2,4,4,2,4
405,1,24,2,3,4,2,2,2,4,3,2,1,2,4,2,3,2,2,2,4,2,3,2,4,3,4,1,4,4
407,1,30,2,3,2,4,2,3,2,4,2,3,4,3,3,4,2,4,2,4,3,4,3,4,3,4,2,2,4
523,1,20,1,3,4,4,2,5,4,2,5,2,3,4,2,3,2,4,2,2,2,3,3,3,4,3,2,4,1
525,1,29,1,3,1,4,2,2,5,4,1,3,1,5,1,3,2,4,1,4,1,3,4,3,4,4,1,1,5
526,1,20,1,1,2,4,1,2,4,4,1,1,5,4,2,2,3,5,3,2,3,3,4,2,4,1,2,3,5
533,1,23,2,2,2,3,1,2,1,3,1,1,2,4,1,2,2,3,1,2,2,3,5,4,2,3,2,3,4
537,1,36,1,3,3,4,1,2,4,5,2,3,3,4,3,2,4,4,2,1,4,3,4,4,2,4,1,5,5
538,1,19,1,4,1,3,1,2,1,4,2,3,3,4,1,3,3,5,5,4,4,3,4,4,4,4,2,3,2
540,1,26,1,3,4,5,1,1,2,5,1,3,4,4,2,4,2,3,2,4,4,5,5,4,2,4,4,3,5
547,1,21,2,1,3,2,1,1,4,4,1,2,3,4,1,3,2,4,1,2,4,3,2,3,4,3,2,2,4
561,1,24,3,2,4,4,2,1,4,4,3,2,2,5,3,4,3,5,2,4,2,4,3,2,4,3,2,4,2
562,1,25,2,2,4,4,2,1,4,4,2,3,5,2,3,3,4,3,2,3,4,5,4,4,4,5,3,5,4
565,1,30,2,1,1,3,3,1,4,1,1,1,3,1,3,1,3,3,1,1,1,2,3,1,1,1,1,1,5
566,1,22,3,5,3,1,1,3,5,4,1,2,5,4,3,5,5,1,2,1,3,5,1,3,3,3,4,4,5
568,1,27,1,1,3,4,1,1,5,4,1,1,3,3,3,3,4,5,1,4,3,3,4,2,3,3,2,4,3
573,1,25,2,2,2,3,2,3,3,3,2,2,2,3,2,2,3,2,2,3,1,3,2,3,2,4,1,2,3
574,1,18,3,5,2,3,5,1,5,2,5,4,4,2,5,4,5,4,4,3,5,2,1,4,4,4,5,3,5
582,1,31,3,4,1,1,5,3,2,5,5,4,2,5,4,5,2,4,1,5,1,2,3,4,4,4,2,4,2
588,1,21,5,4,2,3,4,2,3,4,5,4,3,3,4,3,3,3,3,3,3,5,2,2,3,4,2,3,3
591,1,23,3,3,3,2,2,2,4,2,2,2,2,2,2,3,2,2,1,5,3,3,2,4,4,4,2,1,4
595,1,47,1,2,2,3,2,1,1,3,1,3,3,3,2,2,3,3,2,1,3,4,2,3,3,3,3,2,4
601,1,20,3,5,2,4,3,1,4,5,5,4,5,5,2,3,3,3,3,4,4,5,2,4,3,4,2,3,4
602,1,27,2,3,3,2,1,4,5,3,1,1,4,4,2,3,4,3,2,3,4,3,3,3,2,3,3,2,4
605,1,32,1,2,3,2,1,1,4,2,2,3,3,4,2,1,3,3,3,4,3,4,3,3,2,4,3,2,4
606,1,32,1,3,4,4,2,2,4,2,3,3,2,3,2,4,2,3,2,1,4,4,3,4,3,5,2,3,4
607,1,38,1,2,1,1,1,2,4,1,1,1,3,1,1,1,3,2,2,3,2,2,1,2,2,3,2,2,4
610,1,43,2,3,2,2,3,2,4,3,3,3,4,1,3,3,3,1,3,3,3,5,1,3,2,3,2,4,3
620,1,19,3,4,3,3,2,1,4,3,2,4,3,3,3,3,2,3,1,3,2,3,2,5,2,4,2,3,2
621,1,30,2,3,2,3,5,1,4,3,2,3,3,4,2,4,4,3,1,3,3,4,3,4,2,4,2,4,1
622,1,22,1,1,3,3,2,2,4,4,1,3,4,4,3,3,2,4,1,3,3,4,3,3,3,4,2,4,4
623,1,21,3,1,1,2,1,1,5,4,1,1,4,4,2,3,5,4,4,3,3,3,3,2,4,2,2,3,5
624,1,26,3,3,4,2,2,1,4,2,3,3,3,3,2,4,3,3,4,4,4,4,1,4,4,4,3,2,4
625,1,24,2,4,2,3,2,1,4,3,2,2,2,3,2,4,3,3,2,2,3,4,3,4,2,4,2,2,4
628,1,25,3,1,3,3,1,4,3,4,2,1,4,2,2,4,3,3,3,2,2,3,3,4,2,2,2,3,3
632,1,27,3,3,2,2,2,1,5,2,2,3,4,1,4,1,3,3,1,1,3,4,2,3,3,4,3,4,4
636,1,37,1,1,1,1,1,1,1,5,3,1,1,5,2,1,5,5,3,2,1,3,5,3,2,4,1,5,5
641,1,19,3,2,2,4,3,3,4,4,2,2,2,4,4,2,4,4,3,3,2,2,2,4,4,4,2,3,3
640,1,27,3,4,4,2,2,1,4,4,1,4,4,3,2,5,2,4,2,3,4,4,3,5,3,4,4,4,4
642,1,61,2,3,4,3,2,1,2,3,2,3,3,3,2,3,3,3,3,4,3,3,3,3,3,2,3,4,4
648,1,21,2,3,1,2,2,2,4,4,2,2,2,3,2,4,4,4,1,2,1,2,3,4,2,4,2,4,2
651,1,28,1,3,3,4,1,3,5,4,2,3,4,4,3,3,3,4,2,4,3,4,5,3,3,4,1,4,4
653,1,18,2,3,2,4,2,1,3,3,4,3,1,4,3,4,3,4,5,4,3,2,4,3,2,4,2,3,4
662,1,23,2,3,2,3,3,4,3,3,4,2,3,3,2,3,4,4,2,3,3,3,4,3,3,2,3,3,4
666,1,20,2,3,4,4,1,2,4,5,2,3,3,4,2,4,4,3,4,2,3,4,4,4,3,4,3,4,4
668,1,20,3,2,2,3,2,2,4,3,2,1,4,5,2,3,4,3,2,4,4,4,4,2,2,3,3,3,4
671,1,18,1,1,1,2,1,3,4,4,1,1,4,5,4,3,4,2,1,3,2,3,3,5,2,2,3,5,5
673,1,23,2,3,3,2,1,2,4,4,1,2,4,4,2,3,4,3,1,4,3,4,2,4,3,4,3,4,5
682,1,21,3,1,5,1,4,1,5,2,2,1,5,1,3,2,5,2,3,1,5,5,2,2,2,3,3,1,5
684,1,18,3,1,2,5,1,4,5,5,1,1,5,4,1,4,5,5,4,5,5,1,5,2,2,4,1,4,5
685,1,22,2,1,4,4,1,3,5,4,1,2,4,5,2,4,5,4,2,5,4,3,5,2,4,3,4,5,5
686,1,21,2,3,3,2,2,1,4,4,2,1,3,5,4,3,3,2,2,4,2,5,4,2,5,1,4,3,2
690,1,20,4,4,5,3,5,1,5,4,3,2,2,2,3,4,4,3,2,1,4,5,4,4,2,4,3,2,4
692,1,23,2,4,3,4,2,1,4,3,2,4,2,4,3,4,4,4,3,4,2,4,3,4,2,4,2,4,4
695,1,18,1,1,2,1,1,1,2,3,1,1,4,5,1,3,5,3,1,1,3,4,2,2,1,1,2,4,4
699,1,18,2,3,4,3,2,2,3,4,3,2,2,4,3,3,2,3,2,4,3,3,2,2,1,1,2,3,2
703,1,19,2,4,2,4,1,3,5,4,3,3,5,5,2,3,4,3,3,4,4,5,3,4,2,4,3,4,3
704,1,23,1,2,3,2,1,3,4,5,1,2,2,4,1,3,2,4,1,2,1,2,2,3,4,2,1,3,5
707,1,22,2,1,1,3,1,2,4,2,1,2,4,4,2,3,3,2,3,2,3,4,3,3,2,2,2,4,5
710,1,31,1,5,5,1,1,1,5,5,1,5,5,1,1,3,5,5,5,3,3,5,3,5,5,5,3,3,5
717,1,24,1,2,1,3,1,1,3,3,1,2,1,2,1,2,2,2,3,2,1,3,2,3,1,3,2,2,3
724,1,20,1,3,2,3,2,2,3,4,1,3,3,4,1,4,3,4,1,3,2,4,3,2,4,2,3,4,3
729,1,19,1,1,2,5,5,1,4,5,5,2,3,5,5,1,5,5,2,2,4,1,5,1,3,1,4,3,5
734,1,25,3,2,3,1,4,2,4,5,4,2,2,4,2,4,4,4,4,4,3,4,4,5,2,4,2,4,3
744,1,25,1,3,3,2,2,2,2,2,1,3,2,2,2,2,2,2,1,2,2,2,2,3,2,3,2,2,2
742,1,38,4,2,3,2,3,3,4,5,4,2,3,4,3,3,3,3,4,3,3,4,4,4,3,3,3,2,3
746,1,22,2,2,2,3,2,3,3,3,1,1,2,2,2,1,2,2,2,3,2,2,3,3,1,3,1,3,3
748,1,23,4,4,4,2,4,4,2,5,4,3,1,2,3,3,5,4,3,2,4,5,2,5,2,4,2,3,5
749,1,23,1,2,2,4,1,4,3,4,2,2,2,4,2,3,2,3,1,2,2,2,4,2,4,2,2,4,4
750,1,18,2,3,2,1,1,3,3,4,1,3,4,3,2,3,4,3,4,3,4,3,5,3,4,5,3,3,4
761,1,31,1,2,3,4,1,2,2,4,1,3,2,4,1,5,4,3,1,2,4,4,4,4,3,4,3,4,4
762,1,29,1,2,1,3,2,4,2,4,1,2,2,4,1,4,2,3,1,2,1,2,3,2,4,4,2,4,5
763,1,34,1,3,2,3,1,1,5,5,1,3,2,4,1,4,2,4,2,3,3,3,2,4,4,4,2,4,3
766,1,26,3,3,2,2,2,1,2,2,2,2,2,4,2,2,3,3,2,4,2,2,2,2,3,2,2,4,4
770,1,20,3,3,3,3,3,3,3,3,3,3,3,3,3,3,3,3,3,3,3,3,3,3,3,3,3,3,3
773,1,32,1,1,1,4,1,3,5,4,1,1,4,4,3,3,4,3,1,4,4,3,3,3,3,3,3,4,4
775,1,37,1,1,2,2,1,1,5,5,1,2,2,4,2,3,3,4,1,2,2,3,3,2,3,2,2,2,4
782,1,30,1,2,2,3,2,3,5,4,1,2,2,4,3,3,2,3,1,2,3,3,3,3,2,4,3,2,4
783,1,24,2,2,1,3,1,1,5,3,1,1,3,3,1,4,5,3,2,2,2,3,3,1,4,3,1,4,5
784,1,30,1,3,2,2,1,2,2,4,1,3,1,4,2,4,2,2,2,3,1,2,2,3,2,4,1,4,2
800,1,38,1,1,2,4,1,3,4,2,1,1,2,2,1,4,2,3,2,2,1,3,2,3,1,4,1,4,4
801,1,22,2,3,4,3,1,1,5,5,1,4,3,4,3,3,3,4,2,2,2,4,3,3,3,4,3,3,5
804,1,22,2,3,2,2,2,2,4,4,2,3,3,4,3,3,4,4,2,4,3,3,2,3,2,3,2,3,3
806,1,28,1,2,2,2,1,1,5,3,1,2,2,3,1,2,4,4,2,2,2,2,2,3,4,3,2,2,4
808,1,31,1,3,4,3,1,3,5,4,1,2,4,3,2,3,3,2,1,3,4,1,3,3,2,3,3,4,5
810,1,28,3,3,2,4,2,2,4,4,3,3,4,2,3,2,2,2,4,3,4,4,2,2,2,3,3,4,3
818,1,36,3,4,5,4,3,1,3,3,3,4,2,3,3,4,3,5,3,2,2,4,5,1,3,4,2,4,2
819,1,24,2,1,3,2,2,1,3,1,1,2,3,5,2,3,5,5,1,3,3,3,3,2,5,4,2,4,4
831,1,20,3,1,1,4,2,1,3,4,2,1,4,5,3,4,4,3,2,3,4,3,2,4,3,2,3,4,4
833,1,32,2,2,2,3,1,1,4,4,2,3,3,3,1,2,3,4,2,2,2,4,2,3,3,4,2,3,3
839,1,47,1,1,3,5,1,1,5,3,1,1,5,2,1,4,4,3,1,5,4,4,2,5,1,5,2,4,4
847,1,30,2,2,3,4,2,1,5,4,1,3,2,3,2,3,2,4,2,2,2,2,4,2,3,4,2,2,4
850,1,24,1,3,3,4,1,3,3,5,1,1,1,4,1,3,3,4,2,2,3,2,4,4,4,4,2,4,3
857,1,25,3,2,3,3,1,4,5,4,1,1,3,4,2,3,3,3,2,3,3,3,4,3,3,2,2,3,4
861,1,36,3,2,4,2,2,1,2,3,2,2,3,4,2,1,2,3,4,2,2,5,4,2,3,1,3,4,2
863,1,25,3,4,2,4,1,2,5,4,2,3,3,4,2,4,4,5,1,3,3,3,4,5,3,4,2,4,5
864,1,21,3,3,3,5,5,1,5,5,5,5,4,5,5,5,5,5,1,5,5,5,5,5,4,5,1,3,5
865,1,21,3,4,3,5,1,2,5,5,1,1,3,4,4,5,5,5,2,5,4,5,4,4,5,4,3,5,4
866,1,23,2,3,2,3,3,3,4,4,2,3,4,4,3,3,3,4,3,3,3,3,4,3,3,4,2,3,3
869,1,21,1,1,1,3,1,1,1,5,3,1,1,5,1,1,5,3,1,3,2,3,5,3,4,3,2,4,5
871,1,66,2,3,4,2,2,3,2,5,2,3,3,4,2,3,2,3,1,3,3,4,4,3,3,4,2,3,2
883,1,26,1,1,5,3,1,1,3,4,1,1,4,3,1,1,3,3,2,1,2,3,3,2,3,3,2,3,3
890,1,22,1,2,4,4,1,2,3,4,1,2,3,4,1,4,3,5,1,4,3,2,3,4,4,3,2,3,4
893,1,22,1,1,4,2,1,1,5,3,4,1,5,5,5,3,5,4,3,3,2,5,2,5,1,5,3,5,5
903,1,22,3,2,2,4,2,2,4,5,2,1,3,5,2,3,4,3,4,3,4,4,4,2,4,4,4,3,4
905,1,23,2,2,3,4,1,1,4,5,2,2,2,4,2,3,2,2,1,4,5,5,2,3,2,4,2,2,5
908,1,19,1,2,2,2,2,3,4,3,2,2,2,5,3,3,5,3,4,3,3,3,4,4,3,4,2,4,3
910,1,23,3,3,3,1,1,1,5,3,1,1,3,3,5,1,3,1,2,3,4,3,1,1,1,4,3,3,3
911,1,23,4,4,4,2,2,2,4,3,2,2,4,4,2,4,3,4,2,2,3,4,3,3,3,4,3,4,2
915,1,23,2,3,1,5,2,2,5,5,1,3,5,5,1,4,5,3,1,4,5,2,4,5,2,4,2,4,5
921,1,25,2,2,1,4,1,3,2,3,1,2,3,4,1,3,3,4,1,3,5,3,4,3,4,3,4,4,5
920,1,19,1,3,2,4,1,2,4,5,1,2,4,4,1,4,4,4,1,3,4,2,3,4,2,4,1,4,5
923,1,20,1,2,3,3,1,2,4,5,1,2,3,3,3,3,3,3,2,2,3,3,1,2,3,1,3,2,5
924,1,22,3,2,2,2,2,1,3,3,2,1,4,4,2,4,4,2,2,2,3,4,3,2,2,3,2,4,2
930,1,19,3,4,3,2,1,1,4,3,4,3,3,4,3,3,3,2,4,3,4,4,2,2,2,3,3,3,5
939,1,19,1,3,3,4,2,1,4,4,1,2,3,5,1,3,3,5,1,4,4,3,4,3,4,4,3,3,4
940,1,19,2,2,2,3,1,1,5,3,1,2,3,2,3,1,5,3,1,2,3,4,4,4,3,3,2,3,5
941,1,26,2,3,3,2,2,1,5,3,1,2,4,3,3,2,2,3,2,2,4,4,3,2,3,3,3,4,5
943,1,22,2,2,3,4,1,1,4,4,2,1,5,4,3,4,4,4,3,4,4,4,4,3,3,2,3,4,4
945,1,26,1,3,2,4,1,1,4,4,1,3,2,4,1,3,4,4,1,2,2,4,4,3,5,3,2,4,5
951,1,23,1,4,2,2,1,3,5,3,1,2,3,4,2,3,4,3,1,3,4,4,2,4,3,4,2,3,5
953,1,19,2,3,3,4,2,2,4,4,3,3,4,4,4,3,3,4,2,4,3,3,3,4,3,4,3,3,3
955,1,27,3,3,2,2,2,3,3,3,3,3,3,4,3,3,4,2,1,2,2,2,1,2,2,2,2,3,4
956,1,18,2,1,2,3,2,1,2,4,1,3,3,3,5,4,5,3,1,2,3,5,4,5,4,4,3,3,1
958,1,28,3,3,4,4,1,3,2,5,1,3,4,3,2,3,2,4,1,3,3,4,4,3,3,4,3,3,5
965,1,20,2,1,4,3,1,2,5,4,1,1,5,4,1,1,5,4,1,4,5,3,4,4,4,3,2,4,5
972,1,20,2,3,2,4,2,4,4,2,1,2,4,5,2,4,2,3,4,4,2,2,3,2,2,2,3,4,2
976,1,23,3,3,5,2,2,2,4,4,1,2,3,2,3,4,4,3,1,4,4,4,3,4,2,4,3,5,3
978,1,20,1,1,5,3,1,1,5,3,1,1,3,3,1,2,4,2,1,4,5,2,4,3,1,3,5,3,5
987,1,20,3,2,3,4,2,2,5,5,1,1,4,4,3,5,4,4,1,4,3,3,2,4,3,4,2,4,4
992,1,19,4,4,4,2,3,2,4,3,4,3,3,2,4,4,4,3,3,4,4,2,2,3,3,4,2,3,5
995,1,45,2,4,4,4,2,3,4,5,2,3,2,4,2,4,4,5,2,4,2,4,4,3,3,4,2,3,4
402,2,29,1,4,2,3,2,5,4,5,1,3,3,4,2,2,2,4,1,5,3,2,4,3,4,5,1,4,4
404,2,37,2,4,2,2,2,3,5,3,2,3,4,3,2,3,3,3,3,4,3,3,2,2,3,4,2,3,4
409,2,29,1,3,4,4,1,1,5,5,3,2,3,4,4,4,4,4,1,4,4,4,4,4,4,2,3,4,5
413,2,74,2,2,1,4,2,2,2,5,1,3,2,3,2,3,3,3,2,4,3,4,4,2,3,3,2,4,3
415,2,24,1,1,3,3,1,1,1,5,1,3,3,3,1,4,3,3,3,2,3,2,1,4,3,3,1,3,1
416,2,25,2,3,5,2,2,1,4,2,1,2,2,4,2,3,2,2,2,4,2,5,1,4,2,2,1,4,3
421,2,22,2,2,3,3,1,1,4,4,1,1,3,4,2,3,5,4,1,2,3,3,4,2,4,3,2,4,2
422,2,23,3,4,2,2,1,2,4,2,1,1,4,4,2,4,3,4,1,3,4,4,3,4,2,4,2,2,4
427,2,20,1,3,1,4,1,3,4,4,1,1,1,3,1,4,3,2,1,1,1,2,3,4,2,3,1,2,4
428,2,40,4,1,1,1,2,2,2,5,1,1,3,5,2,3,2,2,1,4,2,3,3,2,4,2,3,5,1
429,2,21,2,4,3,2,1,2,5,3,2,3,4,3,2,4,3,2,1,3,3,3,2,4,2,5,1,2,4
430,2,25,3,3,2,1,2,2,5,4,2,3,2,4,2,4,3,2,3,3,2,2,3,3,2,3,2,3,2
433,2,42,2,1,5,3,1,1,4,5,1,1,3,4,1,5,2,5,2,4,3,4,2,4,3,5,3,5,5
435,2,23,2,2,2,2,2,2,3,2,2,2,2,3,2,3,3,2,1,3,3,2,2,2,2,3,2,3,3
443,2,21,4,3,2,2,2,1,4,3,3,2,2,3,3,3,3,3,1,3,3,4,2,4,3,4,2,2,3
445,2,21,1,3,5,4,1,1,5,4,1,1,4,4,2,4,3,2,1,2,1,4,5,4,3,4,3,2,5
449,2,23,3,3,3,4,1,1,5,4,1,2,3,4,2,2,4,4,2,2,2,3,4,4,2,1,2,4,5
451,2,24,4,2,5,1,1,1,3,2,1,1,4,5,2,4,2,3,1,3,3,4,2,3,3,4,3,4,4
455,2,19,3,4,4,3,4,2,2,2,4,2,3,4,3,4,4,3,2,4,3,4,3,4,2,4,2,3,3
461,2,35,2,3,3,2,2,2,4,4,1,1,4,4,1,4,3,4,1,2,4,3,3,3,3,3,2,3,5
462,2,37,1,3,1,3,1,1,4,3,1,2,1,3,1,2,3,3,3,4,2,2,2,3,1,4,1,2,4
463,2,23,2,3,2,4,1,3,4,2,1,1,2,3,2,2,2,3,3,2,2,3,3,4,2,3,3,1,4
469,2,48,2,4,3,2,1,3,5,5,3,4,3,4,3,4,4,3,2,3,4,3,4,4,2,4,2,4,3
476,2,21,2,4,4,2,1,3,3,4,1,2,5,3,2,3,4,3,2,2,4,4,3,3,3,3,3,3,4
491,2,22,1,3,1,3,1,3,5,4,1,1,2,2,1,2,3,3,1,1,3,2,3,2,3,4,2,4,5
496,2,19,2,4,4,2,3,1,5,5,3,3,4,5,4,2,2,4,4,2,3,3,1,1,4,1,2,3,4
511,2,35,2,2,4,2,2,1,4,2,2,2,4,4,4,4,4,2,4,4,4,4,4,3,2,3,2,2,4
519,2,26,4,2,4,3,3,1,3,4,3,3,3,3,3,3,3,3,3,3,3,3,3,4,3,4,3,3,3
520,2,29,1,2,3,4,1,2,5,4,2,2,3,4,2,4,3,2,3,2,4,4,4,2,2,4,3,4,5
522,2,43,3,2,4,1,2,1,3,2,1,2,2,4,2,1,4,4,3,2,3,5,3,3,1,4,4,4,5
525,2,21,2,3,3,3,1,2,3,4,2,2,2,4,2,3,4,3,2,3,2,4,3,2,2,3,2,3,3
528,2,19,2,3,3,4,3,2,3,5,2,3,4,3,3,3,4,5,4,4,3,3,4,5,4,4,2,2,4
530,2,26,1,5,2,3,2,3,4,4,1,3,3,5,1,5,3,2,1,4,3,1,4,3,4,2,3,4,3
532,2,23,1,2,4,3,1,1,1,3,1,3,5,4,2,2,4,3,2,2,5,3,4,3,2,1,3,2,1
533,2,24,2,2,4,1,1,1,5,1,1,1,5,4,2,1,3,1,3,1,5,4,4,2,1,3,1,1,5
538,2,37,3,4,2,4,2,2,2,3,1,2,3,4,3,3,3,3,2,3,3,3,3,3,3,4,2,4,2
542,2,31,1,3,4,4,1,2,3,3,1,2,5,4,2,4,4,3,3,5,5,4,2,2,2,1,3,5,5
543,2,31,3,4,4,4,1,2,4,4,2,3,2,4,2,4,2,4,3,3,3,3,3,4,3,4,3,4,4
544,2,21,4,4,3,2,2,3,4,3,1,2,4,3,2,2,3,3,2,3,4,4,2,3,2,2,3,5,4
549,2,25,1,1,1,3,1,1,4,5,1,1,2,2,1,5,2,5,1,5,5,5,2,4,3,4,1,3,5
551,2,22,1,2,2,2,2,1,2,2,2,1,4,2,1,4,4,3,1,3,4,2,1,2,2,2,2,2,3
553,2,54,2,3,2,3,2,2,4,5,2,3,2,4,3,3,2,3,2,3,2,3,3,2,3,3,2,4,2
555,2,22,2,2,4,2,2,4,4,4,2,2,4,4,2,4,4,4,2,2,4,4,3,2,2,3,4,4,4
563,2,30,4,2,4,2,2,1,5,2,1,1,4,5,2,5,4,4,3,5,4,3,4,5,4,5,2,4,5
567,2,24,2,4,2,4,2,2,5,5,2,4,2,4,4,4,2,4,4,4,4,4,4,4,4,2,2,3,4
577,2,47,5,3,2,3,2,1,2,2,1,2,1,3,1,1,1,2,1,1,1,5,2,2,2,4,3,2,4
579,2,57,1,2,1,2,4,1,4,4,4,1,3,4,2,1,2,4,4,3,2,2,4,3,2,2,2,3,2
581,2,18,1,4,3,3,1,2,5,4,1,2,3,4,1,3,5,4,1,3,4,5,4,3,3,3,3,2,5
584,2,19,2,4,3,5,1,2,2,4,1,2,2,5,1,4,2,4,1,3,2,4,5,4,4,4,2,5,2
585,2,39,5,3,3,3,4,2,5,5,1,1,5,3,4,4,5,3,2,3,5,3,4,2,3,4,3,3,4
592,2,23,2,3,5,2,2,4,5,1,1,2,4,4,3,4,2,3,2,3,4,4,2,3,2,3,4,5,4
593,2,46,3,3,3,3,3,3,3,3,3,3,3,3,3,3,3,3,3,3,3,3,3,3,3,3,3,3,3
595,2,21,3,4,1,1,1,3,3,2,1,2,1,2,1,3,1,1,2,2,1,2,1,3,2,3,2,3,2
598,2,31,1,3,4,1,1,1,5,5,1,1,4,4,1,1,2,1,5,4,4,4,1,2,4,2,1,3,5
602,2,24,3,4,4,2,2,1,5,4,2,1,3,4,2,4,3,2,4,2,4,3,4,2,4,3,2,4,5
604,2,19,4,3,4,2,2,2,4,4,2,2,4,2,2,4,4,3,4,2,4,4,3,4,3,3,3,2,4
609,2,32,2,3,1,5,3,1,2,4,3,3,2,2,2,3,2,4,2,3,2,3,4,3,3,4,2,4,3
614,2,25,2,2,1,4,2,1,4,3,2,1,2,4,2,3,2,4,3,4,2,2,4,4,3,3,2,4,4
621,2,25,1,2,2,4,1,1,5,4,1,2,2,4,2,4,4,4,2,2,4,2,4,4,4,2,2,2,4
623,2,28,2,4,4,2,2,2,4,4,1,1,4,4,1,4,4,3,1,5,3,3,3,4,3,5,3,5,4
624,2,37,1,3,2,2,1,1,2,4,1,1,2,4,1,4,4,5,1,3,1,3,4,3,4,1,1,2,4
628,2,22,2,3,1,4,1,4,1,4,1,3,1,3,1,4,3,3,1,4,2,1,3,3,2,1,1,3,4
630,2,23,2,4,4,5,2,1,2,4,1,3,3,4,2,4,3,3,2,3,3,5,4,2,3,4,3,3,4
631,2,23,2,3,2,2,2,1,2,4,1,2,2,2,3,3,3,2,1,2,1,2,2,3,2,4,2,2,2
632,2,27,2,3,3,3,4,2,5,3,5,2,3,4,5,4,4,4,5,1,4,3,2,4,4,3,2,4,5
633,2,27,3,4,4,3,2,1,3,4,2,2,2,4,2,4,3,2,2,3,2,4,3,4,2,2,2,4,4
634,2,24,4,4,5,1,1,1,3,3,1,1,5,2,2,4,5,3,2,4,5,4,1,4,3,4,4,5,5
635,2,27,2,1,2,2,2,1,5,3,1,1,4,3,2,3,3,2,1,3,2,3,3,2,1,3,2,2,4
636,2,22,2,2,3,2,2,1,5,3,1,1,2,3,2,1,5,3,2,4,4,3,2,4,2,3,2,3,3
637,2,55,1,3,2,4,1,1,5,5,3,3,4,4,1,4,2,5,4,1,4,3,4,3,4,4,2,4,5
640,2,26,4,4,5,2,1,1,4,3,3,3,4,3,4,3,4,3,2,3,3,5,3,3,4,5,2,2,5
641,2,23,4,3,3,5,2,1,5,5,2,1,3,5,1,4,3,5,2,2,2,3,4,4,5,3,1,2,5
643,2, ,2,3,2,4,2,2,2,3,2,4,3,4,2,4,4,3,2,4,2,3,4,2,3,4,2,2,4
646,2,28,4,3,4,2,2,2,1,3,2,3,4,5,4,4,2,2,2,3,3,5,1,4,2,2,3,4,3
649,2,27,3,2,2,3,1,3,4,4,1,3,3,4,2,4,4,3,1,3,4,2,4,4,3,3,3,4,4
652,2,20,2,4,1,2,4,2,4,2,2,4,2,4,2,4,2,4,2,2,4,2,2,4,2,4,2,2,4
658,2,36,3,4,4,3,4,1,2,4,2,3,4,4,3,3,2,4,2,5,3,4,3,4,3,3,3,2,3
671,2,25,3,4,2,1,3,2,5,5,2,3,4,4,2,3,4,4,2,3,5,3,2,3,4,2,1,3,5
675,2,39,3,4,2,3,2,2,5,3,2,3,3,4,2,2,3,3,3,3,2,3,2,3,3,2,3,4,4
678,2,47,3,4,3,2,2,4,4,5,1,3,1,3,2,5,1,4,1,4,1,3,4,4,1,4,3,4,3
679,2,26,2,2,5,3,1,2,2,5,1,1,2,4,2,3,2,4,1,2,2,4,3,4,3,5,2,3,4
681,2,26,1,3,2,2,1,1,2,4,1,2,2,5,2,4,4,2,2,2,3,3,2,4,4,4,2,3,4
682,2,21,2,4,4,4,1,4,4,5,1,1,3,5,2,5,3,3,1,3,4,3,2,4,3,1,3,3,5
683,2,22,3,5,4,2,1,2,5,4,1,2,3,4,2,5,3,4,1,4,2,4,5,5,4,4,2,4,3
691,2,42,5,3,1,3,2,1,3,5,1,3,3,4,4,4,2,4,4,2,2,4,2,5,4,4,4,5,5
693,2,27,2,4,5,3,1,1,2,4,1,2,2,2,2,5,1,2,1,1,3,3,2,3,2,3,1,2,5
697,2,20,1,3,3,2,1,1,5,4,1,2,2,3,2,4,3,4,1,3,3,4,2,4,3,4,2,3,5
700,2,20,1,3,2,4,1,1,3,4,1,2,2,5,2,3,4,5,1,2,3,4,4,4,5,4,2,2,2
703,2,32,3,4,2,4,4,1,3,3,1,3,1,1,2,2,2,4,1,5,2,3,5,3,2,3,1,4,4
709,2,26,1,2,1,5,1,2,2,4,1,1,1,3,1,3,1,4,2,2,1,2,4,3,4,2,1,5,2
714,2,22,3,4,4,2,2,2,5,3,1,1,5,4,2,4,3,2,3,3,4,4,3,4,3,4,3,4,4
720,2,26,2,3,2,4,2,3,5,5,2,3,5,5,3,3,3,4,2,2,5,3,4,3,3,5,2,5,5
723,2,20,1,4,3,2,1,2,4,3,1,2,4,3,3,3,5,4,2,2,3,4,2,5,3,3,2,2,4
153,2,24,1,5,2,3,1,1,5,5,1,4,4,2,1,5,1,4,1,1,5,3,1,5,1,4,2,1,5
154,2,25,2,3,4,4,1,2,5,4,1,2,4,4,3,4,4,4,1,3,4,4,1,4,4,5,2,4,5
155,2,27,3,2,3,4,1,1,2,4,2,1,1,4,2,3,4,5,2,2,3,2,3,4,4,4,2,3,3
157,2,22,2,3,4,3,1,1,3,3,1,3,3,3,2,2,1,4,2,5,2,3,2,3,4,1,2,3,4
165,2,19,2,2,3,4,1,1,5,3,1,2,2,3,1,5,5,4,1,3,4,4,4,1,3,5,2,2,5
171,2,39,2,3,4,2,3,4,3,4,2,3,3,4,2,3,3,4,2,3,3,4,4,2,4,4,3,3,4
172,2,18,3,2,1,4,2,3,4,5,1,2,4,4,3,5,3,4,4,5,3,4,2,3,4,4,2,4,4
182,2,19,1,4,5,3,2,2,5,5,1,3,3,4,5,4,3,3,3,3,5,3,5,3,3,3,3,3,5
187,2,39,1,2,2,1,2,1,5,3,1,2,4,2,2,2,4,4,2,2,2,4,1,2,2,2,4,1,5
189,2,24,1,3,4,2,1,2,4,2,1,3,4,3,2,1,4,4,3,4,4,4,3,4,4,4,4,2,5
190,2,25,2,3,4,2,3,1,3,4,2,3,2,3,2,3,4,4,2,2,2,4,2,4,3,3,2,2,4
191,2,30,4,4,2,2,3,1,1,3,3,4,2,3,4,1,2,2,5,3,1,2,1,4,2,4,2,5,1
194,2,21,1,3,3,2,1,2,2,5,1,3,1,4,2,3,2,2,3,4,2,2,1,4,4,3,1,4,3
196,2,45,1,3,3,4,2,1,5,3,1,3,3,5,4,5,3,4,2,4,4,3,3,3,3,4,3,4,5
198,2,24,1,3,2,4,1,3,4,3,1,2,2,3,2,4,3,4,1,3,2,3,3,2,3,4,2,3,4
202,2,20,2,4,5,2,1,5,5,5,1,1,5,4,1,5,2,3,2,5,2,4,2,4,1,4,4,4,5
208,2,19,2,3,5,2,2,1,4,5,4,1,5,4,5,4,5,4,3,2,4,5,3,4,3,2,2,3,4
213,2,20,2,5,4,3,2,1,5,4,2,3,2,3,2,2,4,4,3,3,3,4,3,2,2,2,2,4,5
222,2,22,2,3,2,4,1,2,5,5,1,1,5,4,3,1,2,5,1,5,3,5,5,5,3,5,4,3,5
227,2,19,5,2,3,5,5,1,5,5,1,1,1,3,5,5,5,5,5,3,1,3,1,5,3,4,1,3,5
234,2,34,1,2,5,3,3,2,4,5,1,1,5,4,1,2,4,3,3,5,5,5,5,2,3,1,3,5,3
239,2,19,1,3,3,2,1,1,5,3,1,1,3,2,1,2,4,4,2,3,3,4,3,4,3,4,2,2,5
243,2,25,2,3,4,3,1,3,2,4,1,1,5,4,1,4,2,2,1,1,4,4,2,2,1,2,2,2,3
244,2,30,1,3,2,2,1,5,5,4,1,3,4,3,1,3,3,4,2,4,5,3,4,4,4,4,3,3,5
247,2,22,1,2,4,3,1,2,5,5,1,1,2,4,1,5,4,3,2,4,4,5,4,3,1,3,2,3,3
248,2,20,2,2,3,2,1,1,5,3,1,1,4,3,2,3,4,3,3,4,3,3,4,4,1,3,4,4,5
251,2,26,2,3,2,4,2,3,2,5,1,3,2,5,2,4,2,3,2,2,2,2,4,3,3,4,2,3,4
252,2,51,1,3,2,2,3,2,3,2,1,1,1,3,3,3,3,3,1,2,3,3,3,3,1,1,1,3,3
253,2,33,1,3,4,4,1,4,5,4,1,2,4,4,1,2,4,4,2,3,4,2,4,3,4,4,4,4,5
263,2,25,3,1,3,2,2,1,2,5,5,1,2,4,3,3,3,5,3,2,3,4,1,3,4,2,2,4,4
267,2,39,1,2,1,4,1,1,5,1,1,1,2,4,1,3,3,4,4,2,2,2,5,2,4,3,3,4,5
268,2,23,1,5,3,2,1,5,3,3,5,2,4,2,1,3,2,2,1,4,1,5,2,3,2,4,3,1,2
271,2,22,1,3,4,3,1,4,2,4,1,2,4,5,2,4,3,3,1,4,1,5,3,3,2,4,3,4,3
272,2,47,1,3,3,2,1,2,2,5,1,3,2,2,2,4,4,2,3,3,2,2,4,3,4,4,2,2,4
274,2,35,1,2,1,1,5,1,3,3,5,2,4,1,5,1,3,1,2,5,2,1,1,2,1,3,1,1,5
289,2,27,1,2,2,4,1,5,4,4,1,2,3,3,1,1,2,3,1,5,3,3,4,4,3,4,3,1,4
290,2,45,2,3,4,2,2,1,5,2,3,1,4,1,4,4,2,2,1,2,4,4,1,4,2,4,2,2,4
291,2,33,1,2,2,2,4,2,3,4,1,2,2,3,2,3,3,4,1,2,3,3,4,2,3,4,2,2,4
292,2,48,1,2,2,4,1,1,3,4,1,2,2,4,1,3,3,4,3,3,2,2,5,4,4,4,1,4,5
298,2,31,2,3,2,3,2,1,4,3,1,2,4,3,1,3,4,4,2,2,3,2,3,3,2,4,2,2,4
299,2,18,1,1,3,4,1,2,2,4,1,1,4,5,2,3,2,3,2,5,2,3,4,5,3,4,2,4,5
302,2,30,1,4,4,3,1,3,3,2,1,4,4,3,2,5,4,1,1,3,4,4,1,4,2,4,3,2,4
303,2,40,1,3,3,2,1,3,3,5,2,3,4,4,2,3,4,4,1,2,3,4,4,3,3,3,2,4,4
306,2,21,1,1,2,3,5,1,5,5,4,1,2,5,1,5,4,3,3,3,3,2,5,4,3,3,2,1,1
308,2,23,2,2,2,3,3,2,4,4,3,2,2,2,3,4,2,2,1,3,2,3,2,4,3,4,2,2,5
312,2,36,2,3,2,2,4,4,5,3,1,2,2,2,2,4,3,4,1,4,3,4,4,4,2,4,3,2,4
318,2,41,1,2,2,4,1,1,5,3,1,2,3,3,2,3,3,3,1,3,3,4,4,2,3,3,3,1,5
325,2,23,3,3,4,4,1,4,3,5,1,2,3,4,2,3,2,5,1,4,3,2,5,3,5,4,2,4,4
328,2,42,2,4,3,2,2,1,5,4,1,2,3,4,2,4,2,4,2,3,3,4,2,4,2,4,2,3,4
329,2,22,1,3,3,2,1,2,5,4,1,3,3,4,2,4,4,5,4,4,2,4,3,1,4,3,2,4,5
342,2,25,3,4,2,4,2,1,2,5,2,2,3,4,2,3,4,5,3,4,2,3,4,4,5,4,2,4,3
346,2,18,3,2,4,4,1,1,2,5,4,2,2,5,2,3,2,5,5,4,2,4,3,2,4,4,2,5,2
348,2,39,3,4,4,2,1,1,3,5,4,4,3,2,2,5,2,4,3,4,4,4,2,5,2,5,3,4,5
358,2,41,1,4,3,3,1,1,4,3,1,1,3,4,2,4,3,5,1,4,3,2,4,4,4,2,1,4,5
359,2,25,3,4,2,2,2,1,5,4,1,1,4,3,3,4,4,4,1,3,2,4,3,4,4,5,3,4,4
363,2,42,2,2,3,4,3,5,2,4,5,2,3,4,3,2,3,3,3,4,3,2,5,4,2,5,1,4,5
364,2,35,1,3,2,3,2,2,4,4,1,3,2,3,2,4,3,2,1,2,2,3,4,3,2,4,2,4,4
365,2,22,1,3,2,5,2,1,5,4,1,1,3,5,1,4,4,3,1,5,4,5,4,4,1,3,2,2,5
370,2,39,2,4,3,2,1,2,2,3,1,4,1,4,1,5,2,2,1,3,1,3,3,4,2,4,1,3,3
374,2,24,2,2,4,3,1,5,5,5,2,1,3,5,1,5,2,5,1,5,5,5,5,5,4,1,3,5,5
377,2,29,3,4,2,1,3,2,2,4,3,4,3,3,3,4,4,3,3,4,2,3,2,2,2,3,2,3,2
381,2,40,3,3,2,1,1,2,4,4,1,2,1,4,3,3,3,2,4,2,4,2,2,3,2,4,1,4,5
383,2,26,1,4,5,5,1,1,4,4,1,2,4,5,3,4,3,3,2,3,4,4,4,3,4,2,4,4,5
387,2,24,1,4,2,3,1,3,5,5,1,3,3,5,3,3,3,4,1,4,3,3,4,2,4,3,4,5,5
390,2,21,1,3,1,2,1,1,3,4,1,1,2,3,1,4,3,4,2,5,4,4,4,4,2,4,3,3,4
395,2,22,1,2,2,3,2,3,2,4,1,3,2,4,2,3,3,2,3,3,4,2,3,4,2,3,1,2,3
398,2,58,3,4,2,4,1,3,4,3,1,2,2,2,2,1,2,3,4,4,2,4,2,3,3,4,2,1,4
401,2,58,2,2,4,4,2,3,5,5,1,4,3,4,1,2,2,2,1,3,2,3,2,4,4,4,1,3,4
404,2,28,1,3,4,3,2,1,5,4,2,1,4,4,3,4,3,4,2,3,3,4,4,4,4,4,2,4,5
406,2,21,1,2,4,3,1,2,4,5,1,2,2,3,1,4,2,5,1,3,3,3,3,3,4,3,2,2,5
518,2,20,3,4,2,4,2,1,4,4,4,4,3,3,4,2,2,3,2,4,2,4,2,3,4,2,2,4,4
524,2,21,1,2,4,3,1,4,5,4,1,1,5,4,5,5,3,4,1,2,4,1,4,3,4,4,5,5,5
527,2,24,1,3,1,2,4,2,5,4,4,2,3,5,4,3,3,3,3,4,4,4,5,3,3,2,2,4,5
541,2,19,1,2,2,1,1,5,5,1,1,1,2,4,3,3,2,1,1,3,2,3,2,3,1,4,3,1,5
543,2,21,1,1,1,5,1,3,2,5,1,1,1,3,1,1,1,5,1,5,1,1,5,1,3,1,1,3,3
544,2,23,3,3,3,3,1,1,3,3,1,2,1,3,3,2,2,2,2,2,2,3,2,2,2,3,2,2,2
548,2,21,1,4,3,4,1,1,5,5,1,4,4,3,1,4,3,5,2,4,3,5,4,4,4,4,3,3,4
550,2,37,2,4,5,2,2,5,4,5,2,2,3,2,2,2,2,5,1,5,2,4,1,3,5,3,3,2,3
551,2,29,2,3,4,1,2,5,3,2,1,3,3,5,3,4,1,2,3,5,3,2,1,4,2,4,3,4,2
552,2,25,2,2,2,3,1,1,3,2,2,1,2,3,2,3,3,2,2,1,2,2,3,3,2,4,2,3,2
557,2,22,1,3,3,4,2,2,3,5,1,2,2,5,4,3,2,2,2,3,2,2,3,2,2,3,2,4,4
559,2,36,1,1,4,3,2,2,3,4,1,1,4,4,1,4,3,2,1,4,4,4,4,4,1,4,4,2,3
564,2,23,1,2,4,3,1,2,2,4,1,1,3,2,2,3,2,3,1,4,3,2,3,4,4,3,1,3,3
571,2,17,1,1,2,2,1,3,5,5,1,1,1,2,1,3,2,4,1,1,4,3,3,3,1,4,2,4,5
575,2,36,2,2,2,4,2,2,5,2,2,2,2,2,1,2,2,2,1,1,4,2,3,4,2,4,2,2,4
581,2,22,2,3,1,2,1,2,4,5,2,3,2,3,2,5,5,5,3,3,3,2,4,4,4,5,2,3,5
583,2,17,4,4,5,4,3,5,5,4,1,3,4,5,2,4,4,5,3,4,5,5,3,4,4,3,4,5,5
587,2,39,2,3,3,3,2,1,5,4,1,3,2,2,2,2,3,4,1,3,4,4,2,3,2,3,3,3,4
590,2,23,1,1,2,3,1,3,2,3,1,1,3,3,1,3,3,2,1,3,2,4,2,3,2,4,3,2,4
593,2,26,4,4,4,4,4,4,3,2,1,2,3,4,2,2,3,3,2,2,2,2,2,2,2,2,2,3,2
600,2,28,3,1,3,4,1,2,4,4,1,1,2,5,1,2,2,5,1,1,4,2,4,1,4,2,1,5,1
599,2,60,1,4,3,4,2,1,5,4,1,3,2,4,2,3,2,4,1,3,4,3,3,4,4,4,2,4,5
611,2,21,4,5,4,2,2,1,5,5,1,4,4,1,2,5,4,4,4,2,4,4,2,4,2,4,4,2,4
615,2,25,1,1,5,3,4,2,5,3,5,1,1,5,1,5,1,5,4,5,4,5,1,5,4,2,4,4,1
630,2,27,1,3,1,4,1,4,2,5,1,3,1,4,1,4,2,3,1,3,1,2,4,4,4,4,1,3,3
631,2,27,1,3,3,4,1,3,4,4,2,3,2,3,2,4,3,4,1,4,3,4,3,4,3,4,2,2,2
634,2,21,1,5,3,3,1,4,5,5,1,1,4,5,4,5,3,4,1,4,4,2,4,4,5,3,3,3,5
650,2,20,1,4,3,2,1,1,2,4,2,3,4,4,2,5,3,4,3,2,4,4,2,4,5,4,1,3,5
658,2,42,2,5,2,2,1,2,5,2,2,3,4,1,2,4,2,5,1,5,2,5,2,4,4,4,2,1,5
670,2,22,1,3,5,4,1,4,4,4,1,3,3,4,1,3,2,3,1,3,4,4,4,4,3,1,4,3,5
672,2,57,1,3,2,3,1,3,5,5,1,3,2,4,1,4,2,5,1,3,2,3,3,2,4,4,3,4,5
677,2,24,1,2,1,2,1,3,5,4,1,1,3,4,2,5,4,2,1,3,3,2,2,2,2,3,2,3,5
683,2,39,1,3,3,2,1,2,4,3,1,4,3,4,1,4,3,3,2,4,2,3,3,4,4,5,2,3,2
688,2,19,1,1,3,3,1,1,4,3,1,1,5,3,1,4,2,2,1,2,4,1,3,1,2,3,1,2,5
689,2,25,1,3,4,4,1,1,4,3,1,2,3,3,1,3,2,4,1,2,3,3,3,3,3,3,3,3,4
697,2,23,3,3,2,2,2,2,5,4,2,2,2,4,2,2,3,5,1,4,1,2,3,3,3,5,2,4,3
706,2,41,4,3,2,2,3,5,1,2,4,4,5,3,2,2,2,2,5,5,2,4,2,4,2,2,3,3,2
714,2,24,1,2,3,3,2,2,5,5,2,2,2,3,3,4,3,3,3,2,2,2,1,4,5,2,2,1,5
715,2,26,1,3,3,1,3,1,3,4,1,3,2,3,2,2,2,4,2,3,3,3,3,3,3,3,3,2,3
719,2,19,1,3,2,3,2,1,4,3,1,1,4,3,1,2,4,2,1,2,4,3,3,2,2,2,1,2,5
720,2,21,2,2,4,2,1,3,5,4,2,1,5,5,4,4,4,4,3,4,5,4,1,4,3,2,3,4,4
721,2,18,2,3,2,3,1,3,2,4,1,2,2,3,2,3,2,4,2,2,2,3,3,4,4,2,2,3,4
726,2,23,1,3,2,1,1,1,2,4,1,2,3,2,3,4,3,2,1,3,3,3,4,4,1,2,1,3,4
728,2,27,2,2,5,1,1,1,2,2,1,2,3,3,2,2,2,2,2,1,2,3,2,2,2,3,3,5,4
731,2,19,2,4,1,3,1,1,5,5,2,1,1,5,3,3,5,2,1,5,5,3,1,5,4,5,4,5,5
732,2,21,1,2,1,3,4,1,5,4,4,2,4,4,4,3,3,4,3,4,4,4,3,2,3,4,3,2,4
737,2,18,4,3,3,3,4,5,2,3,1,1,3,2,3,4,4,4,1,3,2,4,4,5,3,5,2,1,4
740,2,19,1,4,5,4,1,5,1,3,1,3,3,1,1,3,1,1,2,4,1,3,3,4,1,1,1,1,1
745,2,23,2,2,2,4,1,1,4,3,2,1,3,4,3,3,3,5,4,3,2,3,3,3,3,3,3,3,4
751,2,20,1,5,1,4,1,2,5,5,1,2,2,3,1,4,2,4,1,3,3,2,4,3,1,4,1,5,5
754,2,25,1,4,3,1,1,3,3,5,1,3,3,4,2,3,2,5,1,5,2,3,1,3,5,3,2,1,3
756,2,29,4,3,5,4,1,4,4,4,1,4,2,4,2,4,3,3,1,3,4,4,4,4,2,3,2,4,5
759,2,22,1,1,3,2,1,3,5,4,1,1,3,3,1,2,3,3,1,4,3,3,3,4,4,1,2,4,5
768,2,24,1,4,3,2,1,2,3,5,1,4,2,4,2,4,4,2,2,3,3,2,2,4,2,4,2,4,5
769,2,23,1,3,3,1,1,4,5,3,1,1,2,5,1,3,2,3,1,3,4,3,4,2,2,2,3,4,5
774,2,24,1,1,3,4,1,1,5,5,1,1,4,4,2,5,2,5,1,5,5,5,4,3,4,1,2,4,5
778,2,50,2,4,5,2,2,2,4,4,2,3,3,4,2,3,3,4,2,3,2,2,2,3,3,4,2,3,3
780,2,24,2,2,2,3,1,2,3,3,2,2,2,3,2,4,3,4,2,3,3,3,4,2,4,3,2,3,3
785,2,49,1,3,2,4,1,3,5,5,1,2,3,4,2,3,4,4,4,2,3,4,4,3,4,1,2,4,2
788,2,25,3,3,2,2,2,1,4,4,3,2,2,4,4,3,2,4,3,4,3,4,2,4,2,4,2,4,4
789,2,24,3,5,3,5,5,5,1,4,4,4,4,2,5,4,1,4,1,5,1,1,1,3,4,4,1,2,1
797,2,38,3,3,2,3,2,1,5,4,2,1,2,2,2,2,3,4,2,3,3,4,3,3,3,4,2,4,5
803,2,24,1,2,4,3,1,1,5,4,2,4,3,3,3,3,2,1,2,4,4,4,2,4,2,4,2,2,4
805,2,72,4,4,3,4,2,1,5,4,2,1,2,4,2,4,3,4,1,2,2,4,5,4,4,3,1,5,4
809,2,22,1,3,5,4,2,1,4,5,1,2,4,4,2,5,5,4,1,5,4,3,4,3,5,4,4,3,4
813,2,34,1,3,3,2,2,3,3,4,1,3,3,4,3,3,3,4,2,3,3,3,3,4,3,4,3,3,4
822,2,29,1,4,5,2,1,2,5,4,1,3,2,3,2,4,3,5,3,2,4,5,1,4,3,2,2,5,5
823,2,22,2,4,4,2,2,1,3,3,1,1,3,4,2,2,3,4,3,2,2,4,3,4,3,4,2,3,3
825,2,23,2,2,2,4,3,3,4,2,2,3,3,2,2,3,3,5,2,3,3,4,3,3,3,3,3,2,3
828,2,22,3,5,3,3,1,2,5,4,2,2,4,5,2,5,3,5,1,2,2,4,3,5,4,4,2,3,4
827,2,21,1,2,3,1,1,1,2,2,1,1,3,2,2,3,2,1,1,3,2,2,2,3,2,3,2,2,4
834,2,19,1,1,4,4,1,2,3,4,1,1,3,3,1,3,3,3,1,4,3,3,2,3,2,4,3,4,3
836,2,29,3,4,2,4,2,1,5,4,2,3,3,4,2,3,4,4,2,4,3,3,4,5,4,4,2,4,4
841,2,25,2,2,3,3,1,1,2,4,2,1,3,3,2,4,2,3,3,2,2,3,3,4,1,2,3,2,1
852,2,53,3,4,2,2,3,2,3,4,2,3,2,4,2,3,2,3,4,5,3,3,4,3,4,3,2,3,2
855,2,22,1,4,1,2,1,3,5,5,1,3,1,5,1,3,1,5,1,5,3,3,1,3,1,4,3,2,5
858,2,38,3,3,2,4,1,2,3,4,2,2,2,2,2,3,2,4,2,3,2,3,4,4,3,2,2,2,2
868,2,22,1,4,3,4,1,1,3,3,1,3,2,4,1,3,2,3,2,3,2,2,3,4,3,4,2,2,3
874,2,24,1,3,3,3,4,2,5,3,1,2,3,1,2,4,3,3,1,1,3,4,1,5,2,5,3,2,5
879,2,40,1,3,1,1,1,3,3,3,1,3,1,3,1,3,3,3,1,1,1,3,3,2,3,3,2,3,2
880,2,24,2,3,3,1,2,2,1,4,1,2,1,4,4,3,3,3,1,4,3,2,3,4,4,4,2,1,3
882,2,49,3,4,3,2,1,2,5,3,1,3,4,4,3,4,4,2,1,4,4,3,1,4,2,3,2,2,4
885,2,29,1,1,1,1,1,1,3,3,2,1,3,2,1,1,3,4,3,2,2,4,4,4,3,4,3,4,4
889,2,19,1,4,3,3,1,3,5,5,1,3,1,4,3,4,3,4,1,2,1,2,3,5,4,3,1,3,5
891,2,27,1,2,2,4,2,1,3,4,1,3,2,4,3,3,4,4,1,1,2,2,4,3,3,4,2,2,4
894,2,18,1,3,3,4,1,3,4,4,1,2,2,4,1,4,4,4,2,4,2,4,4,4,2,4,2,5,4
899,2,21,3,3,2,4,2,1,5,4,3,1,3,4,3,1,5,5,3,3,2,4,2,1,3,2,2,4,4
901,2,17,1,2,2,4,1,2,5,4,1,1,2,4,1,5,3,4,1,4,3,3,4,4,4,1,1,5,5
902,2,19,1,2,3,3,2,5,3,3,3,1,4,4,5,3,3,5,3,3,4,3,3,2,1,4,4,4,5
909,2,37,1,4,1,2,2,2,2,3,1,1,2,3,1,2,2,3,2,2,2,3,2,4,2,4,2,3,4
913,2,22,2,3,2,3,2,3,1,2,1,2,2,1,4,4,4,2,3,2,3,4,4,4,3,5,2,4,4
914,2,20,1,3,1,3,1,1,2,5,1,3,1,4,1,4,1,5,1,4,1,2,2,1,1,2,1,1,5
917,2,20,2,1,1,3,1,2,4,2,3,2,2,4,1,2,2,2,3,4,2,4,4,4,2,4,2,4,5
925,2,28,1,1,1,2,1,2,5,4,1,1,2,4,1,4,4,4,4,4,2,4,3,5,4,5,1,2,5
928,2,19,1,3,4,4,1,3,4,4,1,3,3,5,4,4,4,3,2,3,3,3,4,4,4,4,2,3,4
954,2,19,1,2,1,2,1,1,3,4,1,3,1,5,1,3,3,4,1,2,3,4,2,3,3,1,2,5,5
960,2,20,1,3,1,2,1,1,4,3,1,4,2,1,1,4,2,3,1,5,2,4,4,4,3,1,1,2,4
977,2,20,3,3,2,4,3,2,4,4,2,4,2,3,3,3,3,4,3,4,2,3,2,4,3,4,2,4,3
980,2,21,2,3,2,3,1,2,3,5,1,1,5,5,2,4,3,4,1,3,4,5,2,4,2,4,5,3,5
984,2,20,2,3,4,3,1,2,3,4,1,3,2,3,2,4,3,4,1,2,2,3,2,3,2,4,2,2,2
985,2,19,1,1,1,3,1,1,5,5,1,1,3,5,3,4,3,5,1,1,3,1,3,3,3,2,1,2,5
986,2,22,2,3,2,3,1,1,3,4,1,1,3,5,2,3,2,4,1,2,3,3,2,4,4,5,3,3,2
991,2,19,1,2,3,2,1,3,4,5,1,2,5,5,1,4,5,3,1,3,5,2,3,3,3,2,4,4,5
993,2,24,2,2,3,4,1,2,3,3,2,2,3,4,2,2,4,3,2,2,4,4,3,3,1,3,2,3,4
996,2,23,1,4,1,1,4,1,5,4,1,1,3,2,2,1,3,2,2,4,2,4,2,3,2,2,2,5,5
997,2,23,3,3,3,1,3,1,2,5,3,2,4,1,3,4,1,1,3,4,4,4,1,4,2,4,2,4,3
